:START_ID(Product),:END_ID(Plant),profitCenter,mrpType
S8907367010814,MP07,ABC001,ND
S8907367010814,PB05,ABC001,ND
S8907367010814,PB07,ABC001,ND
S8907367010814,RJ07,ABC001,ND
S8907367010814,TL05,ABC001,ND
S8907367010814,TL07,ABC001,ND
S8907367010814,TM05,ABC001,ND
S8907367010814,TM07,ABC001,ND
S8907367010814,UP05,ABC001,ND
S8907367010814,UP07,ABC001,ND
S8907367010814,WB05,ABC001,ND
S8907367010814,WB07,ABC001,ND
S8907367011866,1001,ABC001,ND
S8907367011866,1002,ABC001,ND
S8907367011866,1003,ABC001,ND
S8907367011866,1005,ABC001,ND
S8907367011866,1006,ABC001,ND
S8907367011866,1007,ABC001,ND
S8907367011866,1010,ABC001,ND
S8907367011866,1011,ABC001,ND
S8907367011866,1012,ABC001,ND
S8907367011866,1301,ABC001,ND
S8907367011866,1302,ABC001,ND
S8907367011866,1303,ABC001,ND
S8907367011866,1920,ABC001,ND
S8907367011866,1921,ABC001,ND
S8907367011866,1922,ABC001,ND
S8907367011866,AP05,ABC001,ND
S8907367011866,AS05,ABC001,ND
S8907367011866,BH05,ABC001,ND
S8907367011866,CH07,ABC001,ND
S8907367011866,DL05,ABC001,ND
S8907367011866,DL07,ABC001,ND
S8907367011866,GJ05,ABC001,ND
S8907367011866,HR00,ABC001,ND
S8907367011866,HR05,ABC001,ND
S8907367011866,HR07,ABC001,ND
S8907367011866,JH05,ABC001,ND
S8907367011866,KA05,ABC001,ND
S8907367011866,KA07,ABC001,ND
S8907367011866,KR05,ABC001,ND
S8907367011866,KR07,ABC001,ND
S8907367011866,MH05,ABC001,ND
S8907367011866,MH07,ABC001,ND
S8907367011866,MP07,ABC001,ND
S8907367011866,PB05,ABC001,ND
S8907367011866,PB07,ABC001,ND
S8907367011866,RJ07,ABC001,ND
S8907367011866,TL05,ABC001,ND
S8907367011866,TL07,ABC001,ND
S8907367011866,TM05,ABC001,ND
S8907367011866,TM07,ABC001,ND
S8907367011866,UP05,ABC001,ND
S8907367011866,UP07,ABC001,ND
S8907367011866,WB05,ABC001,ND
S8907367011866,WB07,ABC001,ND
S8907367013082,1001,ABC001,ND
S8907367013082,1002,ABC001,ND
S8907367013082,1003,ABC001,ND
S8907367013082,1005,ABC001,ND
S8907367013082,1006,ABC001,ND
S8907367013082,1007,ABC001,ND
S8907367013082,1010,ABC001,ND
S8907367013082,1011,ABC001,ND
S8907367013082,1012,ABC001,ND
S8907367013082,1301,ABC001,ND
S8907367013082,1302,ABC001,ND
S8907367013082,1303,ABC001,ND
S8907367013082,1920,ABC001,ND
S8907367013082,1921,ABC001,ND
S8907367013082,1922,ABC001,ND
S8907367013082,AP05,ABC001,ND
S8907367013082,AS05,ABC001,ND
S8907367013082,BH05,ABC001,ND
S8907367013082,CH07,ABC001,ND
S8907367013082,DL05,ABC001,ND
S8907367013082,DL07,ABC001,ND
S8907367013082,GJ05,ABC001,ND
S8907367013082,HR00,ABC001,ND
S8907367013082,HR05,ABC001,ND
S8907367013082,HR07,ABC001,ND
S8907367013082,JH05,ABC001,ND
S8907367013082,KA05,ABC001,ND
S8907367013082,KA07,ABC001,ND
S8907367013082,KR05,ABC001,ND
S8907367013082,KR07,ABC001,ND
S8907367013082,MH05,ABC001,ND
S8907367013082,MH07,ABC001,ND
S8907367013082,MP07,ABC001,ND
S8907367013082,PB05,ABC001,ND
S8907367013082,PB07,ABC001,ND
S8907367013082,RJ07,ABC001,ND
S8907367013082,TL05,ABC001,ND
S8907367013082,TL07,ABC001,ND
S8907367013082,TM05,ABC001,ND
S8907367013082,TM07,ABC001,ND
S8907367013082,UP05,ABC001,ND
S8907367013082,UP07,ABC001,ND
S8907367013082,WB05,ABC001,ND
S8907367013082,WB07,ABC001,ND
S8907367013532,1001,ABC001,ND
S8907367013532,1002,ABC001,ND
S8907367013532,1003,ABC001,ND
S8907367013532,1005,ABC001,ND
S8907367013532,1006,ABC001,ND
S8907367013532,1007,ABC001,ND
S8907367013532,1010,ABC001,ND
S8907367013532,1011,ABC001,ND
S8907367013532,1012,ABC001,ND
S8907367013532,1301,ABC001,ND
S8907367013532,1302,ABC001,ND
S8907367013532,1303,ABC001,ND
S8907367013532,1920,ABC001,ND
S8907367013532,1921,ABC001,ND
S8907367013532,1922,ABC001,ND
S8907367013532,AP05,ABC001,ND
S8907367013532,AS05,ABC001,ND
S8907367013532,BH05,ABC001,ND
S8907367013532,CH07,ABC001,ND
S8907367013532,DL05,ABC001,ND
S8907367013532,DL07,ABC001,ND
S8907367013532,GJ05,ABC001,ND
S8907367013532,HR00,ABC001,ND
S8907367013532,HR05,ABC001,ND
S8907367013532,HR07,ABC001,ND
S8907367013532,JH05,ABC001,ND
S8907367013532,KA05,ABC001,ND
S8907367013532,KA07,ABC001,ND
S8907367013532,KR05,ABC001,ND
S8907367013532,KR07,ABC001,ND
S8907367013532,MH05,ABC001,ND
S8907367013532,MH07,ABC001,ND
S8907367013532,MP07,ABC001,ND
S8907367013532,PB05,ABC001,ND
S8907367013532,PB07,ABC001,ND
S8907367013532,RJ07,ABC001,ND
S8907367013532,TL05,ABC001,ND
S8907367013532,TL07,ABC001,ND
S8907367013532,TM05,ABC001,ND
S8907367013532,TM07,ABC001,ND
S8907367013532,UP05,ABC001,ND
S8907367013532,UP07,ABC001,ND
S8907367013532,WB05,ABC001,ND
S8907367013532,WB07,ABC001,ND
S8907367013587,1001,ABC001,ND
S8907367013587,1002,ABC001,ND
S8907367013587,1003,ABC001,ND
S8907367013587,1005,ABC001,ND
S8907367013587,1006,ABC001,ND
S8907367013587,1007,ABC001,ND
S8907367013587,1010,ABC001,ND
S8907367013587,1011,ABC001,ND
S8907367013587,1012,ABC001,ND
S8907367013587,1301,ABC001,ND
S8907367013587,1302,ABC001,ND
S8907367013587,1303,ABC001,ND
S8907367013587,1920,ABC001,ND
S8907367013587,1921,ABC001,ND
S8907367013587,1922,ABC001,ND
S8907367013587,AP05,ABC001,ND
S8907367013587,AS05,ABC001,ND
S8907367013587,BH05,ABC001,ND
S8907367013587,CH07,ABC001,ND
S8907367013587,DL05,ABC001,ND
S8907367013587,DL07,ABC001,ND
S8907367013587,GJ05,ABC001,ND
S8907367013587,HR00,ABC001,ND
S8907367013587,HR05,ABC001,ND
S8907367013587,HR07,ABC001,ND
S8907367013587,JH05,ABC001,ND
S8907367013587,KA05,ABC001,ND
S8907367013587,KA07,ABC001,ND
S8907367013587,KR05,ABC001,ND
S8907367013587,KR07,ABC001,ND
S8907367013587,MH05,ABC001,ND
S8907367013587,MH07,ABC001,ND
S8907367013587,MP07,ABC001,ND
S8907367013587,PB05,ABC001,ND
S8907367013587,PB07,ABC001,ND
S8907367013587,RJ07,ABC001,ND
S8907367013587,TL05,ABC001,ND
S8907367013587,TL07,ABC001,ND
S8907367013587,TM05,ABC001,ND
S8907367013587,TM07,ABC001,ND
S8907367013587,UP05,ABC001,ND
S8907367013587,UP07,ABC001,ND
S8907367013587,WB05,ABC001,ND
S8907367013587,WB07,ABC001,ND
S8907367014447,1001,ABC001,ND
S8907367014447,1002,ABC001,ND
S8907367014447,1003,ABC001,ND
S8907367014447,1005,ABC001,ND
S8907367014447,1006,ABC001,ND
S8907367014447,1007,ABC001,ND
S8907367014447,1010,ABC001,ND
S8907367014447,1011,ABC001,ND
S8907367014447,1012,ABC001,ND
S8907367014447,1301,ABC001,ND
S8907367014447,1302,ABC001,ND
S8907367014447,1303,ABC001,ND
S8907367014447,1920,ABC001,ND
S8907367014447,1921,ABC001,ND
S8907367014447,1922,ABC001,ND
S8907367014447,AP05,ABC001,ND
S8907367014447,AS05,ABC001,ND
S8907367014447,BH05,ABC001,ND
S8907367014447,CH07,ABC001,ND
S8907367014447,DL05,ABC001,ND
S8907367014447,DL07,ABC001,ND
S8907367014447,GJ05,ABC001,ND
S8907367014447,HR00,ABC001,ND
S8907367014447,HR05,ABC001,ND
S8907367014447,HR07,ABC001,ND
S8907367014447,JH05,ABC001,ND
S8907367014447,KA05,ABC001,ND
S8907367014447,KA07,ABC001,ND
S8907367014447,KR05,ABC001,ND
S8907367014447,KR07,ABC001,ND
S8907367014447,MH05,ABC001,ND
S8907367014447,MH07,ABC001,ND
S8907367014447,MP07,ABC001,ND
S8907367014447,PB05,ABC001,ND
S8907367014447,PB07,ABC001,ND
S8907367014447,RJ07,ABC001,ND
S8907367014447,TL05,ABC001,ND
S8907367014447,TL07,ABC001,ND
S8907367014447,TM05,ABC001,ND
S8907367014447,TM07,ABC001,ND
S8907367014447,UP05,ABC001,ND
S8907367014447,UP07,ABC001,ND
S8907367014447,WB05,ABC001,ND
S8907367014447,WB07,ABC001,ND
S8907367014867,1001,ABC001,ND
S8907367014867,1002,ABC001,ND
S8907367014867,1003,ABC001,ND
S8907367014867,1005,ABC001,ND
S8907367014867,1006,ABC001,ND
S8907367014867,1007,ABC001,ND
S8907367014867,1010,ABC001,ND
S8907367014867,1011,ABC001,ND
S8907367014867,1012,ABC001,ND
S8907367014867,1301,ABC001,ND
S8907367014867,1302,ABC001,ND
S8907367014867,1303,ABC001,ND
S8907367014867,1920,ABC001,ND
S8907367014867,1921,ABC001,ND
S8907367014867,1922,ABC001,ND
S8907367014867,AP05,ABC001,ND
S8907367014867,AS05,ABC001,ND
S8907367014867,BH05,ABC001,ND
S8907367014867,CH07,ABC001,ND
S8907367014867,DL05,ABC001,ND
S8907367014867,DL07,ABC001,ND
S8907367014867,GJ05,ABC001,ND
S8907367014867,HR00,ABC001,ND
S8907367014867,HR05,ABC001,ND
S8907367014867,HR07,ABC001,ND
S8907367014867,JH05,ABC001,ND
S8907367014867,KA05,ABC001,ND
S8907367014867,KA07,ABC001,ND
S8907367014867,KR05,ABC001,ND
S8907367014867,KR07,ABC001,ND
S8907367014867,MH05,ABC001,ND
S8907367014867,MH07,ABC001,ND
S8907367014867,MP07,ABC001,ND
S8907367014867,PB05,ABC001,ND
S8907367014867,PB07,ABC001,ND
S8907367014867,RJ07,ABC001,ND
S8907367014867,TL05,ABC001,ND
S8907367014867,TL07,ABC001,ND
S8907367014867,TM05,ABC001,ND
S8907367014867,TM07,ABC001,ND
S8907367014867,UP05,ABC001,ND
S8907367014867,UP07,ABC001,ND
S8907367014867,WB05,ABC001,ND
S8907367014867,WB07,ABC001,ND
S8907367016144,1001,ABC001,ND
S8907367016144,1002,ABC001,ND
S8907367016144,1003,ABC001,ND
S8907367016144,1005,ABC001,ND
S8907367016144,1006,ABC001,ND
S8907367016144,1007,ABC001,ND
S8907367016144,1010,ABC001,ND
S8907367016144,1011,ABC001,ND
S8907367016144,1012,ABC001,ND
S8907367016144,1301,ABC001,ND
S8907367016144,1302,ABC001,ND
S8907367016144,1303,ABC001,ND
S8907367016144,1920,ABC001,ND
S8907367016144,1921,ABC001,ND
S8907367016144,1922,ABC001,ND
S8907367016144,AP05,ABC001,ND
S8907367016144,AS05,ABC001,ND
S8907367016144,BH05,ABC001,ND
S8907367016144,CH07,ABC001,ND
S8907367016144,DL05,ABC001,ND
S8907367016144,DL07,ABC001,ND
S8907367016144,GJ05,ABC001,ND
S8907367016144,HR00,ABC001,ND
S8907367016144,HR05,ABC001,ND
S8907367016144,HR07,ABC001,ND
S8907367016144,JH05,ABC001,ND
S8907367016144,KA05,ABC001,ND
S8907367016144,KA07,ABC001,ND
S8907367016144,KR05,ABC001,ND
S8907367016144,KR07,ABC001,ND
S8907367016144,MH05,ABC001,ND
S8907367016144,MH07,ABC001,ND
S8907367016144,MP07,ABC001,ND
S8907367016144,PB05,ABC001,ND
S8907367016144,PB07,ABC001,ND
S8907367016144,RJ07,ABC001,ND
S8907367016144,TL05,ABC001,ND
S8907367016144,TL07,ABC001,ND
S8907367016144,TM05,ABC001,ND
S8907367016144,TM07,ABC001,ND
S8907367016144,UP05,ABC001,ND
S8907367016144,UP07,ABC001,ND
S8907367016144,WB05,ABC001,ND
S8907367016144,WB07,ABC001,ND
S8907367020035,1001,ABC001,ND
S8907367020035,1002,ABC001,ND
S8907367020035,1003,ABC001,ND
S8907367020035,1005,ABC001,ND
S8907367020035,1006,ABC001,ND
S8907367020035,1007,ABC001,ND
S8907367020035,1010,ABC001,ND
S8907367020035,1011,ABC001,ND
S8907367020035,1012,ABC001,ND
S8907367020035,1301,ABC001,ND
S8907367020035,1302,ABC001,ND
S8907367020035,1303,ABC001,ND
S8907367020035,1920,ABC001,ND
S8907367020035,1921,ABC001,ND
S8907367020035,1922,ABC001,ND
S8907367020035,AP05,ABC001,ND
S8907367020035,AS05,ABC001,ND
S8907367020035,BH05,ABC001,ND
S8907367020035,CH07,ABC001,ND
S8907367020035,DL05,ABC001,ND
S8907367020035,DL07,ABC001,ND
S8907367020035,GJ05,ABC001,ND
S8907367020035,HR00,ABC001,ND
S8907367020035,HR05,ABC001,ND
S8907367020035,HR07,ABC001,ND
S8907367020035,JH05,ABC001,ND
S8907367020035,KA05,ABC001,ND
S8907367020035,KA07,ABC001,ND
S8907367020035,KR05,ABC001,ND
S8907367020035,KR07,ABC001,ND
S8907367020035,MH05,ABC001,ND
S8907367020035,MH07,ABC001,ND
S8907367020035,MP07,ABC001,ND
S8907367020035,PB05,ABC001,ND
S8907367020035,PB07,ABC001,ND
S8907367020035,RJ07,ABC001,ND
S8907367020035,TL05,ABC001,ND
S8907367020035,TL07,ABC001,ND
S8907367020035,TM05,ABC001,ND
S8907367020035,TM07,ABC001,ND
S8907367020035,UP05,ABC001,ND
S8907367020035,UP07,ABC001,ND
S8907367020035,WB05,ABC001,ND
S8907367020035,WB07,ABC001,ND
S8907367020073,1001,ABC001,ND
S8907367020073,1002,ABC001,ND
S8907367020073,1003,ABC001,ND
S8907367020073,1005,ABC001,ND
S8907367020073,1006,ABC001,ND
S8907367020073,1007,ABC001,ND
S8907367020073,1010,ABC001,ND
S8907367020073,1011,ABC001,ND
S8907367020073,1012,ABC001,ND
S8907367020073,1301,ABC001,ND
S8907367020073,1302,ABC001,ND
S8907367020073,1303,ABC001,ND
S8907367020073,1920,ABC001,ND
S8907367020073,1921,ABC001,ND
S8907367020073,1922,ABC001,ND
S8907367020073,AP05,ABC001,ND
S8907367020073,AS05,ABC001,ND
S8907367020073,BH05,ABC001,ND
S8907367020073,CH07,ABC001,ND
S8907367020073,DL05,ABC001,ND
S8907367020073,DL07,ABC001,ND
S8907367020073,GJ05,ABC001,ND
S8907367020073,HR00,ABC001,ND
S8907367020073,HR05,ABC001,ND
S8907367020073,HR07,ABC001,ND
S8907367020073,JH05,ABC001,ND
S8907367020073,KA05,ABC001,ND
S8907367020073,KA07,ABC001,ND
S8907367020073,KR05,ABC001,ND
S8907367020073,KR07,ABC001,ND
S8907367020073,MH05,ABC001,ND
S8907367020073,MH07,ABC001,ND
S8907367020073,MP07,ABC001,ND
S8907367020073,PB05,ABC001,ND
S8907367020073,PB07,ABC001,ND
S8907367020073,RJ07,ABC001,ND
S8907367020073,TL05,ABC001,ND
S8907367020073,TL07,ABC001,ND
S8907367020073,TM05,ABC001,ND
S8907367020073,TM07,ABC001,ND
S8907367020073,UP05,ABC001,ND
S8907367020073,UP07,ABC001,ND
S8907367020073,WB05,ABC001,ND
S8907367020073,WB07,ABC001,ND
S8907367025344,1001,ABC001,ND
S8907367025344,1002,ABC001,ND
S8907367025344,1003,ABC001,ND
S8907367025344,1005,ABC001,ND
S8907367025344,1006,ABC001,ND
S8907367025344,1007,ABC001,ND
S8907367025344,1010,ABC001,ND
S8907367025344,1011,ABC001,ND
S8907367025344,1012,ABC001,ND
S8907367025344,1301,ABC001,ND
S8907367025344,1302,ABC001,ND
S8907367025344,1303,ABC001,ND
S8907367025344,1920,ABC001,ND
S8907367025344,1921,ABC001,ND
S8907367025344,1922,ABC001,ND
S8907367025344,AP05,ABC001,ND
S8907367025344,AS05,ABC001,ND
S8907367025344,BH05,ABC001,ND
S8907367025344,CH07,ABC001,ND
S8907367025344,DL05,ABC001,ND
S8907367025344,DL07,ABC001,ND
S8907367025344,GJ05,ABC001,ND
S8907367025344,HR00,ABC001,ND
S8907367025344,HR05,ABC001,ND
S8907367025344,HR07,ABC001,ND
S8907367025344,JH05,ABC001,ND
S8907367025344,KA05,ABC001,ND
S8907367025344,KA07,ABC001,ND
S8907367025344,KR05,ABC001,ND
S8907367025344,KR07,ABC001,ND
S8907367025344,MH05,ABC001,ND
S8907367025344,MH07,ABC001,ND
S8907367025344,MP07,ABC001,ND
S8907367025344,PB05,ABC001,ND
S8907367025344,PB07,ABC001,ND
S8907367025344,RJ07,ABC001,ND
S8907367025344,TL05,ABC001,ND
S8907367025344,TL07,ABC001,ND
S8907367025344,TM05,ABC001,ND
S8907367025344,TM07,ABC001,ND
S8907367025344,UP05,ABC001,ND
S8907367025344,UP07,ABC001,ND
S8907367025344,WB05,ABC001,ND
S8907367025344,WB07,ABC001,ND
S8907367025412,1001,ABC001,ND
S8907367025412,1002,ABC001,ND
S8907367025412,1003,ABC001,ND
S8907367025412,1005,ABC001,ND
S8907367025412,1006,ABC001,ND
S8907367025412,1007,ABC001,ND
S8907367025412,1010,ABC001,ND
S8907367025412,1011,ABC001,ND
S8907367025412,1012,ABC001,ND
S8907367025412,1301,ABC001,ND
S8907367025412,1302,ABC001,ND
S8907367025412,1303,ABC001,ND
S8907367025412,1920,ABC001,ND
S8907367025412,1921,ABC001,ND
S8907367025412,1922,ABC001,ND
S8907367025412,AP05,ABC001,ND
S8907367025412,AS05,ABC001,ND
S8907367025412,BH05,ABC001,ND
S8907367025412,CH07,ABC001,ND
S8907367025412,DL05,ABC001,ND
S8907367025412,DL07,ABC001,ND
S8907367025412,GJ05,ABC001,ND
S8907367025412,HR00,ABC001,ND
S8907367025412,HR05,ABC001,ND
S8907367025412,HR07,ABC001,ND
S8907367025412,JH05,ABC001,ND
S8907367025412,KA05,ABC001,ND
S8907367025412,KA07,ABC001,ND
S8907367025412,KR05,ABC001,ND
S8907367025412,KR07,ABC001,ND
S8907367025412,MH05,ABC001,ND
S8907367025412,MH07,ABC001,ND
S8907367025412,MP07,ABC001,ND
S8907367025412,PB05,ABC001,ND
S8907367025412,PB07,ABC001,ND
S8907367025412,RJ07,ABC001,ND
S8907367025412,TL05,ABC001,ND
S8907367025412,TL07,ABC001,ND
S8907367025412,TM05,ABC001,ND
S8907367025412,TM07,ABC001,ND
S8907367025412,UP05,ABC001,ND
S8907367025412,UP07,ABC001,ND
S8907367025412,WB05,ABC001,ND
S8907367025412,WB07,ABC001,ND
S8907367026433,1001,ABC001,ND
S8907367026433,1002,ABC001,ND
S8907367026433,1003,ABC001,ND
S8907367026433,1005,ABC001,ND
S8907367026433,1006,ABC001,ND
S8907367026433,1007,ABC001,ND
S8907367026433,1010,ABC001,ND
S8907367026433,1011,ABC001,ND
S8907367026433,1012,ABC001,ND
S8907367026433,1301,ABC001,ND
S8907367026433,1302,ABC001,ND
S8907367026433,1303,ABC001,ND
S8907367026433,1920,ABC001,ND
S8907367026433,1921,ABC001,ND
S8907367026433,1922,ABC001,ND
S8907367026433,AP05,ABC001,ND
S8907367026433,AS05,ABC001,ND
S8907367026433,BH05,ABC001,ND
S8907367026433,CH07,ABC001,ND
S8907367026433,DL05,ABC001,ND
S8907367026433,DL07,ABC001,ND
S8907367026433,GJ05,ABC001,ND
S8907367026433,HR00,ABC001,ND
S8907367026433,HR05,ABC001,ND
S8907367026433,HR07,ABC001,ND
S8907367026433,JH05,ABC001,ND
S8907367026433,KA05,ABC001,ND
S8907367026433,KA07,ABC001,ND
S8907367026433,KR05,ABC001,ND
S8907367026433,KR07,ABC001,ND
S8907367026433,MH05,ABC001,ND
S8907367026433,MH07,ABC001,ND
S8907367026433,MP07,ABC001,ND
S8907367026433,PB05,ABC001,ND
S8907367026433,PB07,ABC001,ND
S8907367026433,RJ07,ABC001,ND
S8907367026433,TL05,ABC001,ND
S8907367026433,TL07,ABC001,ND
S8907367026433,TM05,ABC001,ND
S8907367026433,TM07,ABC001,ND
S8907367026433,UP05,ABC001,ND
S8907367026433,UP07,ABC001,ND
S8907367026433,WB05,ABC001,ND
S8907367026433,WB07,ABC001,ND
S8907367028192,1001,ABC001,ND
S8907367028192,1002,ABC001,ND
S8907367028192,1003,ABC001,ND
S8907367028192,1005,ABC001,ND
S8907367028192,1006,ABC001,ND
S8907367028192,1007,ABC001,ND
S8907367028192,1010,ABC001,ND
S8907367028192,1011,ABC001,ND
S8907367028192,1012,ABC001,ND
S8907367028192,1301,ABC001,ND
S8907367028192,1302,ABC001,ND
S8907367028192,1303,ABC001,ND
S8907367028192,1920,ABC001,ND
S8907367028192,1921,ABC001,ND
S8907367028192,1922,ABC001,ND
S8907367028192,AP05,ABC001,ND
S8907367028192,AS05,ABC001,ND
S8907367028192,BH05,ABC001,ND
S8907367028192,CH07,ABC001,ND
S8907367028192,DL05,ABC001,ND
S8907367028192,DL07,ABC001,ND
S8907367028192,GJ05,ABC001,ND
S8907367028192,HR00,ABC001,ND
S8907367028192,HR05,ABC001,ND
S8907367028192,HR07,ABC001,ND
S8907367028192,JH05,ABC001,ND
S8907367028192,KA05,ABC001,ND
S8907367028192,KA07,ABC001,ND
S8907367028192,KR05,ABC001,ND
S8907367028192,KR07,ABC001,ND
S8907367028192,MH05,ABC001,ND
S8907367028192,MH07,ABC001,ND
S8907367028192,MP07,ABC001,ND
S8907367028192,PB05,ABC001,ND
S8907367028192,PB07,ABC001,ND
S8907367028192,RJ07,ABC001,ND
S8907367028192,TL05,ABC001,ND
S8907367028192,TL07,ABC001,ND
S8907367028192,TM05,ABC001,ND
S8907367028192,TM07,ABC001,ND
S8907367028192,UP05,ABC001,ND
S8907367028192,UP07,ABC001,ND
S8907367028192,WB05,ABC001,ND
S8907367028192,WB07,ABC001,ND
S8907367029021,1001,ABC001,ND
S8907367029021,1002,ABC001,ND
S8907367029021,1003,ABC001,ND
S8907367029021,1005,ABC001,ND
S8907367029021,1006,ABC001,ND
S8907367029021,1007,ABC001,ND
S8907367029021,1010,ABC001,ND
S8907367029021,1011,ABC001,ND
S8907367029021,1012,ABC001,ND
S8907367029021,1301,ABC001,ND
S8907367029021,1302,ABC001,ND
S8907367029021,1303,ABC001,ND
S8907367029021,1920,ABC001,ND
S8907367029021,1921,ABC001,ND
S8907367029021,1922,ABC001,ND
S8907367029021,AP05,ABC001,ND
S8907367029021,AS05,ABC001,ND
S8907367029021,BH05,ABC001,ND
S8907367029021,CH07,ABC001,ND
S8907367029021,DL05,ABC001,ND
S8907367029021,DL07,ABC001,ND
S8907367029021,GJ05,ABC001,ND
S8907367029021,HR00,ABC001,ND
S8907367029021,HR05,ABC001,ND
S8907367029021,HR07,ABC001,ND
S8907367029021,JH05,ABC001,ND
S8907367029021,KA05,ABC001,ND
S8907367029021,KA07,ABC001,ND
S8907367029021,KR05,ABC001,ND
S8907367029021,KR07,ABC001,ND
S8907367029021,MH05,ABC001,ND
S8907367029021,MH07,ABC001,ND
S8907367029021,MP07,ABC001,ND
S8907367029021,PB05,ABC001,ND
S8907367029021,PB07,ABC001,ND
S8907367029021,RJ07,ABC001,ND
S8907367029021,TL05,ABC001,ND
S8907367029021,TL07,ABC001,ND
S8907367029021,TM05,ABC001,ND
S8907367029021,TM07,ABC001,ND
S8907367029021,UP05,ABC001,ND
S8907367029021,UP07,ABC001,ND
S8907367029021,WB05,ABC001,ND
S8907367029021,WB07,ABC001,ND
S8907367029038,1001,ABC001,ND
S8907367029038,1002,ABC001,ND
S8907367029038,1003,ABC001,ND
S8907367029038,1005,ABC001,ND
S8907367029038,1006,ABC001,ND
S8907367029038,1007,ABC001,ND
S8907367029038,1010,ABC001,ND
S8907367029038,1011,ABC001,ND
S8907367029038,1012,ABC001,ND
S8907367029038,1301,ABC001,ND
S8907367029038,1302,ABC001,ND
S8907367029038,1303,ABC001,ND
S8907367029038,1920,ABC001,ND
S8907367029038,1921,ABC001,ND
S8907367029038,1922,ABC001,ND
S8907367029038,AP05,ABC001,ND
S8907367029038,AS05,ABC001,ND
S8907367029038,BH05,ABC001,ND
S8907367029038,CH07,ABC001,ND
S8907367029038,DL05,ABC001,ND
S8907367029038,DL07,ABC001,ND
S8907367029038,GJ05,ABC001,ND
S8907367029038,HR00,ABC001,ND
S8907367029038,HR05,ABC001,ND
S8907367029038,HR07,ABC001,ND
S8907367029038,JH05,ABC001,ND
S8907367029038,KA05,ABC001,ND
S8907367029038,KA07,ABC001,ND
S8907367029038,KR05,ABC001,ND
S8907367029038,KR07,ABC001,ND
S8907367029038,MH05,ABC001,ND
S8907367029038,MH07,ABC001,ND
S8907367029038,MP07,ABC001,ND
S8907367029038,PB05,ABC001,ND
S8907367029038,PB07,ABC001,ND
S8907367029038,RJ07,ABC001,ND
S8907367029038,TL05,ABC001,ND
S8907367029038,TL07,ABC001,ND
S8907367029038,TM05,ABC001,ND
S8907367029038,TM07,ABC001,ND
S8907367029038,UP05,ABC001,ND
S8907367029038,UP07,ABC001,ND
S8907367029038,WB05,ABC001,ND
S8907367029038,WB07,ABC001,ND
S8907367035664,1001,ABC001,ND
S8907367035664,1002,ABC001,ND
S8907367035664,1003,ABC001,ND
S8907367035664,1005,ABC001,ND
S8907367035664,1006,ABC001,ND
S8907367035664,1007,ABC001,ND
S8907367035664,1010,ABC001,ND
S8907367035664,1011,ABC001,ND
S8907367035664,1012,ABC001,ND
S8907367035664,1301,ABC001,ND
S8907367035664,1302,ABC001,ND
S8907367035664,1303,ABC001,ND
S8907367035664,1920,ABC001,ND
S8907367035664,1921,ABC001,ND
S8907367035664,1922,ABC001,ND
S8907367035664,AP05,ABC001,ND
S8907367035664,AS05,ABC001,ND
S8907367035664,BH05,ABC001,ND
S8907367035664,CH07,ABC001,ND
S8907367035664,DL05,ABC001,ND
S8907367035664,DL07,ABC001,ND
S8907367035664,GJ05,ABC001,ND
S8907367035664,HR00,ABC001,ND
S8907367035664,HR05,ABC001,ND
S8907367035664,HR07,ABC001,ND
S8907367035664,JH05,ABC001,ND
S8907367035664,KA05,ABC001,ND
S8907367035664,KA07,ABC001,ND
S8907367035664,KR05,ABC001,ND
S8907367035664,KR07,ABC001,ND
S8907367035664,MH05,ABC001,ND
S8907367035664,MH07,ABC001,ND
S8907367035664,MP07,ABC001,ND
S8907367035664,PB05,ABC001,ND
S8907367035664,PB07,ABC001,ND
S8907367035664,RJ07,ABC001,ND
S8907367035664,TL05,ABC001,ND
S8907367035664,TL07,ABC001,ND
S8907367035664,TM05,ABC001,ND
S8907367035664,TM07,ABC001,ND
S8907367035664,UP05,ABC001,ND
S8907367035664,UP07,ABC001,ND
S8907367035664,WB05,ABC001,ND
S8907367035664,WB07,ABC001,ND
S8907367035961,1001,ABC001,ND
S8907367035961,1002,ABC001,ND
S8907367035961,1003,ABC001,ND
S8907367035961,1005,ABC001,ND
S8907367035961,1006,ABC001,ND
S8907367035961,1007,ABC001,ND
S8907367035961,1010,ABC001,ND
S8907367035961,1011,ABC001,ND
S8907367035961,1012,ABC001,ND
S8907367035961,1301,ABC001,ND
S8907367035961,1302,ABC001,ND
S8907367035961,1303,ABC001,ND
S8907367035961,1920,ABC001,ND
S8907367035961,1921,ABC001,ND
S8907367035961,1922,ABC001,ND
S8907367035961,AP05,ABC001,ND
S8907367035961,AS05,ABC001,ND
S8907367035961,BH05,ABC001,ND
S8907367035961,CH07,ABC001,ND
S8907367035961,DL05,ABC001,ND
S8907367035961,DL07,ABC001,ND
S8907367035961,GJ05,ABC001,ND
S8907367035961,HR00,ABC001,ND
S8907367035961,HR05,ABC001,ND
S8907367035961,HR07,ABC001,ND
S8907367035961,JH05,ABC001,ND
S8907367035961,KA05,ABC001,ND
S8907367035961,KA07,ABC001,ND
S8907367035961,KR05,ABC001,ND
S8907367035961,KR07,ABC001,ND
S8907367035961,MH05,ABC001,ND
S8907367035961,MH07,ABC001,ND
S8907367035961,MP07,ABC001,ND
S8907367035961,PB05,ABC001,ND
S8907367035961,PB07,ABC001,ND
S8907367035961,RJ07,ABC001,ND
S8907367035961,TL05,ABC001,ND
S8907367035961,TL07,ABC001,ND
S8907367035961,TM05,ABC001,ND
S8907367035961,TM07,ABC001,ND
S8907367035961,UP05,ABC001,ND
S8907367035961,UP07,ABC001,ND
S8907367035961,WB05,ABC001,ND
S8907367035961,WB07,ABC001,ND
S8907367035978,1001,ABC001,ND
S8907367035978,1002,ABC001,ND
S8907367035978,1003,ABC001,ND
S8907367035978,1005,ABC001,ND
S8907367035978,1006,ABC001,ND
S8907367035978,1007,ABC001,ND
S8907367035978,1010,ABC001,ND
S8907367035978,1011,ABC001,ND
S8907367035978,1012,ABC001,ND
S8907367035978,1301,ABC001,ND
S8907367035978,1302,ABC001,ND
S8907367035978,1303,ABC001,ND
S8907367035978,1920,ABC001,ND
S8907367035978,1921,ABC001,ND
S8907367035978,1922,ABC001,ND
S8907367035978,AP05,ABC001,ND
S8907367035978,AS05,ABC001,ND
S8907367035978,BH05,ABC001,ND
S8907367035978,CH07,ABC001,ND
S8907367035978,DL05,ABC001,ND
S8907367035978,DL07,ABC001,ND
S8907367035978,GJ05,ABC001,ND
S8907367035978,HR00,ABC001,ND
S8907367035978,HR05,ABC001,ND
S8907367035978,HR07,ABC001,ND
S8907367035978,JH05,ABC001,ND
S8907367035978,KA05,ABC001,ND
S8907367035978,KA07,ABC001,ND
S8907367035978,KR05,ABC001,ND
S8907367035978,KR07,ABC001,ND
S8907367035978,MH05,ABC001,ND
S8907367035978,MH07,ABC001,ND
S8907367035978,MP07,ABC001,ND
S8907367035978,PB05,ABC001,ND
S8907367035978,PB07,ABC001,ND
S8907367035978,RJ07,ABC001,ND
S8907367035978,TL05,ABC001,ND
S8907367035978,TL07,ABC001,ND
S8907367035978,TM05,ABC001,ND
S8907367035978,TM07,ABC001,ND
S8907367035978,UP05,ABC001,ND
S8907367035978,UP07,ABC001,ND
S8907367035978,WB05,ABC001,ND
S8907367035978,WB07,ABC001,ND
S8907367035985,1001,ABC001,ND
S8907367035985,1002,ABC001,ND
S8907367035985,1003,ABC001,ND
S8907367035985,1005,ABC001,ND
S8907367035985,1006,ABC001,ND
S8907367035985,1007,ABC001,ND
S8907367035985,1010,ABC001,ND
S8907367035985,1011,ABC001,ND
S8907367035985,1012,ABC001,ND
S8907367035985,1301,ABC001,ND
S8907367035985,1302,ABC001,ND
S8907367035985,1303,ABC001,ND
S8907367035985,1920,ABC001,ND
S8907367035985,1921,ABC001,ND
S8907367035985,1922,ABC001,ND
S8907367035985,AP05,ABC001,ND
S8907367035985,AS05,ABC001,ND
S8907367035985,BH05,ABC001,ND
S8907367035985,CH07,ABC001,ND
S8907367035985,DL05,ABC001,ND
S8907367035985,DL07,ABC001,ND
S8907367035985,GJ05,ABC001,ND
S8907367035985,HR00,ABC001,ND
S8907367035985,HR05,ABC001,ND
S8907367035985,HR07,ABC001,ND
S8907367035985,JH05,ABC001,ND
S8907367035985,KA05,ABC001,ND
S8907367035985,KA07,ABC001,ND
S8907367035985,KR05,ABC001,ND
S8907367035985,KR07,ABC001,ND
S8907367035985,MH05,ABC001,ND
S8907367035985,MH07,ABC001,ND
S8907367035985,MP07,ABC001,ND
S8907367035985,PB05,ABC001,ND
S8907367035985,PB07,ABC001,ND
S8907367035985,RJ07,ABC001,ND
S8907367035985,TL05,ABC001,ND
S8907367035985,TL07,ABC001,ND
S8907367035985,TM05,ABC001,ND
S8907367035985,TM07,ABC001,ND
S8907367035985,UP05,ABC001,ND
S8907367035985,UP07,ABC001,ND
S8907367035985,WB05,ABC001,ND
S8907367035985,WB07,ABC001,ND
S8907367035992,1001,ABC001,ND
S8907367035992,1002,ABC001,ND
S8907367035992,1003,ABC001,ND
S8907367035992,1005,ABC001,ND
S8907367035992,1006,ABC001,ND
S8907367035992,1007,ABC001,ND
S8907367035992,1010,ABC001,ND
S8907367035992,1011,ABC001,ND
S8907367035992,1012,ABC001,ND
S8907367035992,1301,ABC001,ND
S8907367035992,1302,ABC001,ND
S8907367035992,1303,ABC001,ND
S8907367035992,1920,ABC001,ND
S8907367035992,1921,ABC001,ND
S8907367035992,1922,ABC001,ND
S8907367035992,AP05,ABC001,ND
S8907367035992,AS05,ABC001,ND
S8907367035992,BH05,ABC001,ND
S8907367035992,CH07,ABC001,ND
S8907367035992,DL05,ABC001,ND
S8907367035992,DL07,ABC001,ND
S8907367035992,GJ05,ABC001,ND
S8907367035992,HR00,ABC001,ND
S8907367035992,HR05,ABC001,ND
S8907367035992,HR07,ABC001,ND
S8907367035992,JH05,ABC001,ND
S8907367035992,KA05,ABC001,ND
S8907367035992,KA07,ABC001,ND
S8907367035992,KR05,ABC001,ND
S8907367035992,KR07,ABC001,ND
S8907367035992,MH05,ABC001,ND
S8907367035992,MH07,ABC001,ND
S8907367035992,MP07,ABC001,ND
S8907367035992,PB05,ABC001,ND
S8907367035992,PB07,ABC001,ND
S8907367035992,RJ07,ABC001,ND
S8907367035992,TL05,ABC001,ND
S8907367035992,TL07,ABC001,ND
S8907367035992,TM05,ABC001,ND
S8907367035992,TM07,ABC001,ND
S8907367035992,UP05,ABC001,ND
S8907367035992,UP07,ABC001,ND
S8907367035992,WB05,ABC001,ND
S8907367035992,WB07,ABC001,ND
S8907367036722,1001,ABC001,ND
S8907367036722,1002,ABC001,ND
S8907367036722,1003,ABC001,ND
S8907367036722,1005,ABC001,ND
S8907367036722,1006,ABC001,ND
S8907367036722,1007,ABC001,ND
S8907367036722,1010,ABC001,ND
S8907367036722,1011,ABC001,ND
S8907367036722,1012,ABC001,ND
S8907367036722,1301,ABC001,ND
S8907367036722,1302,ABC001,ND
S8907367036722,1303,ABC001,ND
S8907367036722,1920,ABC001,ND
S8907367036722,1921,ABC001,ND
S8907367036722,1922,ABC001,ND
S8907367036722,AP05,ABC001,ND
S8907367036722,AS05,ABC001,ND
S8907367036722,BH05,ABC001,ND
S8907367036722,CH07,ABC001,ND
S8907367036722,DL05,ABC001,ND
S8907367036722,DL07,ABC001,ND
S8907367036722,GJ05,ABC001,ND
S8907367036722,HR00,ABC001,ND
S8907367036722,HR05,ABC001,ND
S8907367036722,HR07,ABC001,ND
S8907367036722,JH05,ABC001,ND
S8907367036722,KA05,ABC001,ND
S8907367036722,KA07,ABC001,ND
S8907367036722,KR05,ABC001,ND
S8907367036722,KR07,ABC001,ND
S8907367036722,MH05,ABC001,ND
S8907367036722,MH07,ABC001,ND
S8907367036722,MP07,ABC001,ND
S8907367036722,PB05,ABC001,ND
S8907367036722,PB07,ABC001,ND
S8907367036722,RJ07,ABC001,ND
S8907367036722,TL05,ABC001,ND
S8907367036722,TL07,ABC001,ND
S8907367036722,TM05,ABC001,ND
S8907367036722,TM07,ABC001,ND
S8907367036722,UP05,ABC001,ND
S8907367036722,UP07,ABC001,ND
S8907367036722,WB05,ABC001,ND
S8907367036722,WB07,ABC001,ND
S8907367037156,1001,ABC001,ND
S8907367037156,1002,ABC001,ND
S8907367037156,1003,ABC001,ND
S8907367037156,1005,ABC001,ND
S8907367037156,1006,ABC001,ND
S8907367037156,1007,ABC001,ND
S8907367037156,1010,ABC001,ND
S8907367037156,1011,ABC001,ND
S8907367037156,1012,ABC001,ND
S8907367037156,1301,ABC001,ND
S8907367037156,1302,ABC001,ND
S8907367037156,1303,ABC001,ND
S8907367037156,1920,ABC001,ND
S8907367037156,1921,ABC001,ND
S8907367037156,1922,ABC001,ND
S8907367037156,AP05,ABC001,ND
S8907367037156,AS05,ABC001,ND
S8907367037156,BH05,ABC001,ND
S8907367037156,CH07,ABC001,ND
S8907367037156,DL05,ABC001,ND
S8907367037156,DL07,ABC001,ND
S8907367037156,GJ05,ABC001,ND
S8907367037156,HR00,ABC001,ND
S8907367037156,HR05,ABC001,ND
S8907367037156,HR07,ABC001,ND
S8907367037156,JH05,ABC001,ND
S8907367037156,KA05,ABC001,ND
S8907367037156,KA07,ABC001,ND
S8907367037156,KR05,ABC001,ND
S8907367037156,KR07,ABC001,ND
S8907367037156,MH05,ABC001,ND
S8907367037156,MH07,ABC001,ND
S8907367037156,MP07,ABC001,ND
S8907367037156,PB05,ABC001,ND
S8907367037156,PB07,ABC001,ND
S8907367037156,RJ07,ABC001,ND
S8907367037156,TL05,ABC001,ND
S8907367037156,TL07,ABC001,ND
S8907367037156,TM05,ABC001,ND
S8907367037156,TM07,ABC001,ND
S8907367037156,UP05,ABC001,ND
S8907367037156,UP07,ABC001,ND
S8907367037156,WB05,ABC001,ND
S8907367037156,WB07,ABC001,ND
S8907367038108,1001,ABC001,ND
S8907367038108,1002,ABC001,ND
S8907367038108,1003,ABC001,ND
S8907367038108,1005,ABC001,ND
S8907367038108,1006,ABC001,ND
S8907367038108,1007,ABC001,ND
S8907367038108,1010,ABC001,ND
S8907367038108,1011,ABC001,ND
S8907367038108,1012,ABC001,ND
S8907367038108,1301,ABC001,ND
S8907367038108,1302,ABC001,ND
S8907367038108,1303,ABC001,ND
S8907367038108,1920,ABC001,ND
S8907367038108,1921,ABC001,ND
S8907367038108,1922,ABC001,ND
S8907367038108,AP05,ABC001,ND
S8907367038108,AS05,ABC001,ND
S8907367038108,BH05,ABC001,ND
S8907367038108,CH07,ABC001,ND
S8907367038108,DL05,ABC001,ND
S8907367038108,DL07,ABC001,ND
S8907367038108,GJ05,ABC001,ND
S8907367038108,HR00,ABC001,ND
S8907367038108,HR05,ABC001,ND
S8907367038108,HR07,ABC001,ND
S8907367038108,JH05,ABC001,ND
S8907367038108,KA05,ABC001,ND
S8907367038108,KA07,ABC001,ND
S8907367038108,KR05,ABC001,ND
S8907367038108,KR07,ABC001,ND
S8907367038108,MH05,ABC001,ND
S8907367038108,MH07,ABC001,ND
S8907367038108,MP07,ABC001,ND
S8907367038108,PB05,ABC001,ND
S8907367038108,PB07,ABC001,ND
S8907367038108,RJ07,ABC001,ND
S8907367038108,TL05,ABC001,ND
S8907367038108,TL07,ABC001,ND
S8907367038108,TM05,ABC001,ND
S8907367038108,TM07,ABC001,ND
S8907367038108,UP05,ABC001,ND
S8907367038108,UP07,ABC001,ND
S8907367038108,WB05,ABC001,ND
S8907367038108,WB07,ABC001,ND
S8907367038122,1001,ABC001,ND
S8907367038122,1002,ABC001,ND
S8907367038122,1003,ABC001,ND
S8907367038122,1005,ABC001,ND
S8907367038122,1006,ABC001,ND
S8907367038122,1007,ABC001,ND
S8907367038122,1010,ABC001,ND
S8907367038122,1011,ABC001,ND
S8907367038122,1012,ABC001,ND
S8907367038122,1301,ABC001,ND
S8907367038122,1302,ABC001,ND
S8907367038122,1303,ABC001,ND
S8907367038122,1920,ABC001,ND
S8907367038122,1921,ABC001,ND
S8907367038122,1922,ABC001,ND
S8907367038122,AP05,ABC001,ND
S8907367038122,AS05,ABC001,ND
S8907367038122,BH05,ABC001,ND
S8907367038122,CH07,ABC001,ND
S8907367038122,DL05,ABC001,ND
S8907367038122,DL07,ABC001,ND
S8907367038122,GJ05,ABC001,ND
S8907367038122,HR00,ABC001,ND
S8907367038122,HR05,ABC001,ND
S8907367038122,HR07,ABC001,ND
S8907367038122,JH05,ABC001,ND
S8907367038122,KA05,ABC001,ND
S8907367038122,KA07,ABC001,ND
S8907367038122,KR05,ABC001,ND
S8907367038122,KR07,ABC001,ND
S8907367038122,MH05,ABC001,ND
S8907367038122,MH07,ABC001,ND
S8907367038122,MP07,ABC001,ND
S8907367038122,PB05,ABC001,ND
S8907367038122,PB07,ABC001,ND
S8907367038122,RJ07,ABC001,ND
S8907367038122,TL05,ABC001,ND
S8907367038122,TL07,ABC001,ND
S8907367038122,TM05,ABC001,ND
S8907367038122,TM07,ABC001,ND
S8907367038122,UP05,ABC001,ND
S8907367038122,UP07,ABC001,ND
S8907367038122,WB05,ABC001,ND
S8907367038122,WB07,ABC001,ND
S8907367039280,1001,ABC001,ND
S8907367039280,1002,ABC001,ND
S8907367039280,1003,ABC001,ND
S8907367039280,1005,ABC001,ND
S8907367039280,1006,ABC001,ND
S8907367039280,1007,ABC001,ND
S8907367039280,1010,ABC001,ND
S8907367039280,1011,ABC001,ND
S8907367039280,1012,ABC001,ND
S8907367039280,1301,ABC001,ND
S8907367039280,1302,ABC001,ND
S8907367039280,1303,ABC001,ND
S8907367039280,1920,ABC001,ND
S8907367039280,1921,ABC001,ND
S8907367039280,1922,ABC001,ND
S8907367039280,AP05,ABC001,ND
S8907367039280,AS05,ABC001,ND
S8907367039280,BH05,ABC001,ND
S8907367039280,CH07,ABC001,ND
S8907367039280,DL05,ABC001,ND
S8907367039280,DL07,ABC001,ND
S8907367039280,GJ05,ABC001,ND
S8907367039280,HR00,ABC001,ND
S8907367039280,HR05,ABC001,ND
S8907367039280,HR07,ABC001,ND
S8907367039280,JH05,ABC001,ND
S8907367039280,KA05,ABC001,ND
S8907367039280,KA07,ABC001,ND
S8907367039280,KR05,ABC001,ND
S8907367039280,KR07,ABC001,ND
S8907367039280,MH05,ABC001,ND
S8907367039280,MH07,ABC001,ND
S8907367039280,MP07,ABC001,ND
S8907367039280,PB05,ABC001,ND
S8907367039280,PB07,ABC001,ND
S8907367039280,RJ07,ABC001,ND
S8907367039280,TL05,ABC001,ND
S8907367039280,TL07,ABC001,ND
S8907367039280,TM05,ABC001,ND
S8907367039280,TM07,ABC001,ND
S8907367039280,UP05,ABC001,ND
S8907367039280,UP07,ABC001,ND
S8907367039280,WB05,ABC001,ND
S8907367039280,WB07,ABC001,ND
S8907367041993,1001,ABC001,ND
S8907367041993,1002,ABC001,ND
S8907367041993,1003,ABC001,ND
S8907367041993,1005,ABC001,ND
S8907367041993,1006,ABC001,ND
S8907367041993,1007,ABC001,ND
S8907367041993,1010,ABC001,ND
S8907367041993,1011,ABC001,ND
S8907367041993,1012,ABC001,ND
S8907367041993,1301,ABC001,ND
S8907367041993,1302,ABC001,ND
S8907367041993,1303,ABC001,ND
S8907367041993,1920,ABC001,ND
S8907367041993,1921,ABC001,ND
S8907367041993,1922,ABC001,ND
S8907367041993,AP05,ABC001,ND
S8907367041993,AS05,ABC001,ND
S8907367041993,BH05,ABC001,ND
S8907367041993,CH07,ABC001,ND
S8907367041993,DL05,ABC001,ND
S8907367041993,DL07,ABC001,ND
S8907367041993,GJ05,ABC001,ND
S8907367041993,HR00,ABC001,ND
S8907367041993,HR05,ABC001,ND
S8907367041993,HR07,ABC001,ND
S8907367041993,JH05,ABC001,ND
S8907367041993,KA05,ABC001,ND
S8907367041993,KA07,ABC001,ND
S8907367041993,KR05,ABC001,ND
S8907367041993,KR07,ABC001,ND
S8907367041993,MH05,ABC001,ND
S8907367041993,MH07,ABC001,ND
S8907367041993,MP07,ABC001,ND
S8907367041993,PB05,ABC001,ND
S8907367041993,PB07,ABC001,ND
S8907367041993,RJ07,ABC001,ND
S8907367041993,TL05,ABC001,ND
S8907367041993,TL07,ABC001,ND
S8907367041993,TM05,ABC001,ND
S8907367041993,TM07,ABC001,ND
S8907367041993,UP05,ABC001,ND
S8907367041993,UP07,ABC001,ND
S8907367041993,WB05,ABC001,ND
S8907367041993,WB07,ABC001,ND
S8907367042006,1001,ABC001,ND
S8907367042006,1002,ABC001,ND
S8907367042006,1003,ABC001,ND
S8907367042006,1005,ABC001,ND
S8907367042006,1006,ABC001,ND
S8907367042006,1007,ABC001,ND
S8907367042006,1010,ABC001,ND
S8907367042006,1011,ABC001,ND
S8907367042006,1012,ABC001,ND
S8907367042006,1301,ABC001,ND
S8907367042006,1302,ABC001,ND
S8907367042006,1303,ABC001,ND
S8907367042006,1920,ABC001,ND
S8907367042006,1921,ABC001,ND
S8907367042006,1922,ABC001,ND
S8907367042006,AP05,ABC001,ND
S8907367042006,AS05,ABC001,ND
S8907367042006,BH05,ABC001,ND
S8907367042006,CH07,ABC001,ND
S8907367042006,DL05,ABC001,ND
S8907367042006,DL07,ABC001,ND
S8907367042006,GJ05,ABC001,ND
S8907367042006,HR00,ABC001,ND
S8907367042006,HR05,ABC001,ND
S8907367042006,HR07,ABC001,ND
S8907367042006,JH05,ABC001,ND
S8907367042006,KA05,ABC001,ND
S8907367042006,KA07,ABC001,ND
S8907367042006,KR05,ABC001,ND
S8907367042006,KR07,ABC001,ND
S8907367042006,MH05,ABC001,ND
S8907367042006,MH07,ABC001,ND
S8907367042006,MP07,ABC001,ND
S8907367042006,PB05,ABC001,ND
S8907367042006,PB07,ABC001,ND
S8907367042006,RJ07,ABC001,ND
S8907367042006,TL05,ABC001,ND
S8907367042006,TL07,ABC001,ND
S8907367042006,TM05,ABC001,ND
S8907367042006,TM07,ABC001,ND
S8907367042006,UP05,ABC001,ND
S8907367042006,UP07,ABC001,ND
S8907367042006,WB05,ABC001,ND
S8907367042006,WB07,ABC001,ND
3001456,1001,ABC001,ND
3001456,1002,ABC001,ND
3001456,1003,ABC001,ND
3001456,1005,ABC001,ND
3001456,1006,ABC001,ND
3001456,1007,ABC001,ND
3001456,1010,ABC001,ND
3001456,1011,ABC001,ND
3001456,1012,ABC001,ND
3001456,1301,ABC001,ND
3001456,1302,ABC001,ND
3001456,1303,ABC001,ND
3001456,1920,ABC001,ND
3001456,1921,ABC001,ND
3001456,1922,ABC001,ND
3001456,AP05,ABC001,ND
3001456,AS05,ABC001,ND
3001456,BH05,ABC001,ND
3001456,CH07,ABC001,ND
3001456,DL05,ABC001,ND
3001456,DL07,ABC001,ND
3001456,GJ05,ABC001,ND
3001456,HR00,ABC001,ND
3001456,HR05,ABC001,ND
3001456,HR07,ABC001,ND
3001456,JH05,ABC001,ND
3001456,KA05,ABC001,ND
3001456,KA07,ABC001,ND
3001456,KR05,ABC001,ND
3001456,KR07,ABC001,ND
3001456,MH05,ABC001,ND
3001456,MH07,ABC001,ND
3001456,MP07,ABC001,ND
3001456,PB05,ABC001,ND
3001456,PB07,ABC001,ND
3001456,RJ07,ABC001,ND
3001456,TL05,ABC001,ND
3001456,TL07,ABC001,ND
3001456,TM05,ABC001,ND
3001456,TM07,ABC001,ND
3001456,UP05,ABC001,ND
3001456,UP07,ABC001,ND
3001456,WB05,ABC001,ND
3001456,WB07,ABC001,ND
3001468,1001,ABC001,ND
3001468,1002,ABC001,ND
3001468,1003,ABC001,ND
3001468,1005,ABC001,ND
3001468,1006,ABC001,ND
3001468,1007,ABC001,ND
3001468,1010,ABC001,ND
3001468,1011,ABC001,ND
3001468,1012,ABC001,ND
3001468,1301,ABC001,ND
3001468,1302,ABC001,ND
3001468,1303,ABC001,ND
3001468,1920,ABC001,ND
3001468,1921,ABC001,ND
3001468,1922,ABC001,ND
3001468,AP05,ABC001,ND
3001468,AS05,ABC001,ND
3001468,BH05,ABC001,ND
3001468,CH07,ABC001,ND
3001468,DL05,ABC001,ND
3001468,DL07,ABC001,ND
3001468,GJ05,ABC001,ND
3001468,HR00,ABC001,ND
3001468,HR05,ABC001,ND
3001468,HR07,ABC001,ND
3001468,JH05,ABC001,ND
3001468,KA05,ABC001,ND
3001468,KA07,ABC001,ND
3001468,KR05,ABC001,ND
3001468,KR07,ABC001,ND
3001468,MH05,ABC001,ND
3001468,MH07,ABC001,ND
3001468,MP07,ABC001,ND
3001468,PB05,ABC001,ND
3001468,PB07,ABC001,ND
3001468,RJ07,ABC001,ND
3001468,TL05,ABC001,ND
3001468,TL07,ABC001,ND
3001468,TM05,ABC001,ND
3001468,TM07,ABC001,ND
3001468,UP05,ABC001,ND
3001468,UP07,ABC001,ND
3001468,WB05,ABC001,ND
3001468,WB07,ABC001,ND
B8907367002246,1001,ABC001,ND
B8907367002246,1002,ABC001,ND
B8907367002246,1003,ABC001,ND
B8907367002246,1005,ABC001,ND
B8907367002246,1006,ABC001,ND
B8907367002246,1007,ABC001,ND
B8907367002246,1010,ABC001,ND
B8907367002246,1011,ABC001,ND
B8907367002246,1012,ABC001,ND
B8907367002246,1301,ABC001,ND
B8907367002246,1302,ABC001,ND
B8907367002246,1303,ABC001,ND
B8907367002246,1920,ABC001,ND
B8907367002246,1921,ABC001,ND
B8907367002246,1922,ABC001,ND
B8907367002246,AP05,ABC001,ND
B8907367002246,AS05,ABC001,ND
B8907367002246,BH05,ABC001,ND
B8907367002246,CH07,ABC001,ND
B8907367002246,DL05,ABC001,ND
B8907367002246,DL07,ABC001,ND
B8907367002246,GJ05,ABC001,ND
B8907367002246,HR00,ABC001,ND
B8907367002246,HR05,ABC001,ND
B8907367002246,HR07,ABC001,ND
B8907367002246,JH05,ABC001,ND
B8907367002246,KA05,ABC001,ND
B8907367002246,KA07,ABC001,ND
B8907367002246,KR05,ABC001,ND
B8907367002246,KR07,ABC001,ND
B8907367002246,MH05,ABC001,ND
B8907367002246,MH07,ABC001,ND
B8907367002246,MP07,ABC001,ND
B8907367002246,PB05,ABC001,ND
B8907367002246,PB07,ABC001,ND
B8907367002246,RJ07,ABC001,ND
B8907367002246,TL05,ABC001,ND
B8907367002246,TL07,ABC001,ND
B8907367002246,TM05,ABC001,ND
B8907367002246,TM07,ABC001,ND
B8907367002246,UP05,ABC001,ND
B8907367002246,UP07,ABC001,ND
B8907367002246,WB05,ABC001,ND
B8907367002246,WB07,ABC001,ND
B8907367015697,1001,ABC001,ND
B8907367015697,1002,ABC001,ND
B8907367015697,1003,ABC001,ND
B8907367015697,1005,ABC001,ND
B8907367015697,1006,ABC001,ND
B8907367015697,1007,ABC001,ND
B8907367015697,1010,ABC001,ND
B8907367015697,1011,ABC001,ND
B8907367015697,1012,ABC001,ND
B8907367015697,1301,ABC001,ND
B8907367015697,1302,ABC001,ND
B8907367015697,1303,ABC001,ND
B8907367015697,1920,ABC001,ND
B8907367015697,1921,ABC001,ND
B8907367015697,1922,ABC001,ND
B8907367015697,AP05,ABC001,ND
B8907367015697,AS05,ABC001,ND
B8907367015697,BH05,ABC001,ND
B8907367015697,CH07,ABC001,ND
B8907367015697,DL05,ABC001,ND
B8907367015697,DL07,ABC001,ND
B8907367015697,GJ05,ABC001,ND
B8907367015697,HR00,ABC001,ND
B8907367015697,HR05,ABC001,ND
B8907367015697,HR07,ABC001,ND
B8907367015697,JH05,ABC001,ND
B8907367015697,KA05,ABC001,ND
B8907367015697,KA07,ABC001,ND
B8907367015697,KR05,ABC001,ND
B8907367015697,KR07,ABC001,ND
B8907367015697,MH05,ABC001,ND
B8907367015697,MH07,ABC001,ND
B8907367015697,MP07,ABC001,ND
B8907367015697,PB05,ABC001,ND
B8907367015697,PB07,ABC001,ND
B8907367015697,RJ07,ABC001,ND
B8907367015697,TL05,ABC001,ND
B8907367015697,TL07,ABC001,ND
B8907367015697,TM05,ABC001,ND
B8907367015697,TM07,ABC001,ND
B8907367015697,UP05,ABC001,ND
B8907367015697,UP07,ABC001,ND
B8907367015697,WB05,ABC001,ND
B8907367015697,WB07,ABC001,ND
B8907367022152,1001,ABC001,ND
B8907367022152,1002,ABC001,ND
B8907367022152,1003,ABC001,ND
B8907367022152,1005,ABC001,ND
B8907367022152,1006,ABC001,ND
B8907367022152,1007,ABC001,ND
B8907367022152,1010,ABC001,ND
B8907367022152,1011,ABC001,ND
B8907367022152,1012,ABC001,ND
B8907367022152,1301,ABC001,ND
B8907367022152,1302,ABC001,ND
B8907367022152,1303,ABC001,ND
B8907367022152,1920,ABC001,ND
B8907367022152,1921,ABC001,ND
B8907367022152,1922,ABC001,ND
B8907367022152,AP05,ABC001,ND
B8907367022152,AS05,ABC001,ND
B8907367022152,BH05,ABC001,ND
B8907367022152,CH07,ABC001,ND
B8907367022152,DL05,ABC001,ND
B8907367022152,DL07,ABC001,ND
B8907367022152,GJ05,ABC001,ND
B8907367022152,HR00,ABC001,ND
B8907367022152,HR05,ABC001,ND
B8907367022152,HR07,ABC001,ND
B8907367022152,JH05,ABC001,ND
B8907367022152,KA05,ABC001,ND
B8907367022152,KA07,ABC001,ND
B8907367022152,KR05,ABC001,ND
B8907367022152,KR07,ABC001,ND
B8907367022152,MH05,ABC001,ND
B8907367022152,MH07,ABC001,ND
B8907367022152,MP07,ABC001,ND
B8907367022152,PB05,ABC001,ND
B8907367022152,PB07,ABC001,ND
B8907367022152,RJ07,ABC001,ND
B8907367022152,TL05,ABC001,ND
B8907367022152,TL07,ABC001,ND
B8907367022152,TM05,ABC001,ND
B8907367022152,TM07,ABC001,ND
B8907367022152,UP05,ABC001,ND
B8907367022152,UP07,ABC001,ND
B8907367022152,WB05,ABC001,ND
B8907367022152,WB07,ABC001,ND
B8907367032571,1001,ABC001,ND
B8907367032571,1002,ABC001,ND
B8907367032571,1003,ABC001,ND
B8907367032571,1005,ABC001,ND
B8907367032571,1006,ABC001,ND
B8907367032571,1007,ABC001,ND
B8907367032571,1010,ABC001,ND
B8907367032571,1011,ABC001,ND
B8907367032571,1012,ABC001,ND
B8907367032571,1301,ABC001,ND
B8907367032571,1302,ABC001,ND
B8907367032571,1303,ABC001,ND
B8907367032571,1920,ABC001,ND
B8907367032571,1921,ABC001,ND
B8907367032571,1922,ABC001,ND
B8907367032571,AP05,ABC001,ND
B8907367032571,AS05,ABC001,ND
B8907367032571,BH05,ABC001,ND
B8907367032571,CH07,ABC001,ND
B8907367032571,DL05,ABC001,ND
B8907367032571,DL07,ABC001,ND
B8907367032571,GJ05,ABC001,ND
B8907367032571,HR00,ABC001,ND
B8907367032571,HR05,ABC001,ND
B8907367032571,HR07,ABC001,ND
B8907367032571,JH05,ABC001,ND
B8907367032571,KA05,ABC001,ND
B8907367032571,KA07,ABC001,ND
B8907367032571,KR05,ABC001,ND
B8907367032571,KR07,ABC001,ND
B8907367032571,MH05,ABC001,ND
B8907367032571,MH07,ABC001,ND
B8907367032571,MP07,ABC001,ND
B8907367032571,PB05,ABC001,ND
B8907367032571,PB07,ABC001,ND
B8907367032571,RJ07,ABC001,ND
B8907367032571,TL05,ABC001,ND
B8907367032571,TL07,ABC001,ND
B8907367032571,TM05,ABC001,ND
B8907367032571,TM07,ABC001,ND
B8907367032571,UP05,ABC001,ND
B8907367032571,UP07,ABC001,ND
B8907367032571,WB05,ABC001,ND
B8907367032571,WB07,ABC001,ND
B8907367032649,1001,ABC001,ND
B8907367032649,1002,ABC001,ND
B8907367032649,1003,ABC001,ND
B8907367032649,1005,ABC001,ND
B8907367032649,1006,ABC001,ND
B8907367032649,1007,ABC001,ND
B8907367032649,1010,ABC001,ND
B8907367032649,1011,ABC001,ND
B8907367032649,1012,ABC001,ND
B8907367032649,1301,ABC001,ND
B8907367032649,1302,ABC001,ND
B8907367032649,1303,ABC001,ND
B8907367032649,1920,ABC001,ND
B8907367032649,1921,ABC001,ND
B8907367032649,1922,ABC001,ND
B8907367032649,AP05,ABC001,ND
B8907367032649,AS05,ABC001,ND
B8907367032649,BH05,ABC001,ND
B8907367032649,CH07,ABC001,ND
B8907367032649,DL05,ABC001,ND
B8907367032649,DL07,ABC001,ND
B8907367032649,GJ05,ABC001,ND
B8907367032649,HR00,ABC001,ND
B8907367032649,HR05,ABC001,ND
B8907367032649,HR07,ABC001,ND
B8907367032649,JH05,ABC001,ND
B8907367032649,KA05,ABC001,ND
B8907367032649,KA07,ABC001,ND
B8907367032649,KR05,ABC001,ND
B8907367032649,KR07,ABC001,ND
B8907367032649,MH05,ABC001,ND
B8907367032649,MH07,ABC001,ND
B8907367032649,MP07,ABC001,ND
B8907367032649,PB05,ABC001,ND
B8907367032649,PB07,ABC001,ND
B8907367032649,RJ07,ABC001,ND
B8907367032649,TL05,ABC001,ND
B8907367032649,TL07,ABC001,ND
B8907367032649,TM05,ABC001,ND
B8907367032649,TM07,ABC001,ND
B8907367032649,UP05,ABC001,ND
B8907367032649,UP07,ABC001,ND
B8907367032649,WB05,ABC001,ND
B8907367032649,WB07,ABC001,ND
B8907367037842,1001,ABC001,ND
B8907367037842,1002,ABC001,ND
B8907367037842,1003,ABC001,ND
B8907367037842,1005,ABC001,ND
B8907367037842,1006,ABC001,ND
B8907367037842,1007,ABC001,ND
B8907367037842,1010,ABC001,ND
B8907367037842,1011,ABC001,ND
B8907367037842,1012,ABC001,ND
B8907367037842,1301,ABC001,ND
B8907367037842,1302,ABC001,ND
B8907367037842,1303,ABC001,ND
B8907367037842,1920,ABC001,ND
B8907367037842,1921,ABC001,ND
B8907367037842,1922,ABC001,ND
B8907367037842,AP05,ABC001,ND
B8907367037842,AS05,ABC001,ND
B8907367037842,BH05,ABC001,ND
B8907367037842,CH07,ABC001,ND
B8907367037842,DL05,ABC001,ND
B8907367037842,DL07,ABC001,ND
B8907367037842,GJ05,ABC001,ND
B8907367037842,HR00,ABC001,ND
B8907367037842,HR05,ABC001,ND
B8907367037842,HR07,ABC001,ND
B8907367037842,JH05,ABC001,ND
B8907367037842,KA05,ABC001,ND
B8907367037842,KA07,ABC001,ND
B8907367037842,KR05,ABC001,ND
B8907367037842,KR07,ABC001,ND
B8907367037842,MH05,ABC001,ND
B8907367037842,MH07,ABC001,ND
B8907367037842,MP07,ABC001,ND
B8907367037842,PB05,ABC001,ND
B8907367037842,PB07,ABC001,ND
B8907367037842,RJ07,ABC001,ND
B8907367037842,TL05,ABC001,ND
B8907367037842,TL07,ABC001,ND
B8907367037842,TM05,ABC001,ND
B8907367037842,TM07,ABC001,ND
B8907367037842,UP05,ABC001,ND
B8907367037842,UP07,ABC001,ND
B8907367037842,WB05,ABC001,ND
B8907367037842,WB07,ABC001,ND
B8907367037859,1001,ABC001,ND
B8907367037859,1002,ABC001,ND
B8907367037859,1003,ABC001,ND
B8907367037859,1005,ABC001,ND
B8907367037859,1006,ABC001,ND
B8907367037859,1007,ABC001,ND
B8907367037859,1010,ABC001,ND
B8907367037859,1011,ABC001,ND
B8907367037859,1012,ABC001,ND
B8907367037859,1301,ABC001,ND
B8907367037859,1302,ABC001,ND
B8907367037859,1303,ABC001,ND
B8907367037859,1920,ABC001,ND
B8907367037859,1921,ABC001,ND
B8907367037859,1922,ABC001,ND
B8907367037859,AP05,ABC001,ND
B8907367037859,AS05,ABC001,ND
B8907367037859,BH05,ABC001,ND
B8907367037859,CH07,ABC001,ND
B8907367037859,DL05,ABC001,ND
B8907367037859,DL07,ABC001,ND
B8907367037859,GJ05,ABC001,ND
B8907367037859,HR00,ABC001,ND
B8907367037859,HR05,ABC001,ND
B8907367037859,HR07,ABC001,ND
B8907367037859,JH05,ABC001,ND
B8907367037859,KA05,ABC001,ND
B8907367037859,KA07,ABC001,ND
B8907367037859,KR05,ABC001,ND
B8907367037859,KR07,ABC001,ND
B8907367037859,MH05,ABC001,ND
B8907367037859,MH07,ABC001,ND
B8907367037859,MP07,ABC001,ND
B8907367037859,PB05,ABC001,ND
B8907367037859,PB07,ABC001,ND
B8907367037859,RJ07,ABC001,ND
B8907367037859,TL05,ABC001,ND
B8907367037859,TL07,ABC001,ND
B8907367037859,TM05,ABC001,ND
B8907367037859,TM07,ABC001,ND
B8907367037859,UP05,ABC001,ND
B8907367037859,UP07,ABC001,ND
B8907367037859,WB05,ABC001,ND
B8907367037859,WB07,ABC001,ND
S8907367000327,1001,ABC001,ND
S8907367000327,1002,ABC001,ND
S8907367000327,1003,ABC001,ND
S8907367000327,1005,ABC001,ND
S8907367000327,1006,ABC001,ND
S8907367000327,1007,ABC001,ND
S8907367000327,1010,ABC001,ND
S8907367000327,1011,ABC001,ND
S8907367000327,1012,ABC001,ND
S8907367000327,1301,ABC001,ND
S8907367000327,1302,ABC001,ND
S8907367000327,1303,ABC001,ND
S8907367000327,1920,ABC001,ND
S8907367000327,1921,ABC001,ND
S8907367000327,1922,ABC001,ND
S8907367000327,AP05,ABC001,ND
S8907367000327,AS05,ABC001,ND
S8907367000327,BH05,ABC001,ND
S8907367000327,CH07,ABC001,ND
S8907367000327,DL05,ABC001,ND
S8907367000327,DL07,ABC001,ND
S8907367000327,GJ05,ABC001,ND
S8907367000327,HR00,ABC001,ND
S8907367000327,HR05,ABC001,ND
S8907367000327,HR07,ABC001,ND
S8907367000327,JH05,ABC001,ND
S8907367000327,KA05,ABC001,ND
S8907367000327,KA07,ABC001,ND
S8907367000327,KR05,ABC001,ND
S8907367000327,KR07,ABC001,ND
S8907367000327,MH05,ABC001,ND
S8907367000327,MH07,ABC001,ND
S8907367000327,MP07,ABC001,ND
S8907367000327,PB05,ABC001,ND
S8907367000327,PB07,ABC001,ND
S8907367000327,RJ07,ABC001,ND
S8907367000327,TL05,ABC001,ND
S8907367000327,TL07,ABC001,ND
S8907367000327,TM05,ABC001,ND
S8907367000327,TM07,ABC001,ND
S8907367000327,UP05,ABC001,ND
S8907367000327,UP07,ABC001,ND
S8907367000327,WB05,ABC001,ND
S8907367000327,WB07,ABC001,ND
S8907367001003,1001,ABC001,ND
S8907367001003,1002,ABC001,ND
S8907367001003,1003,ABC001,ND
S8907367001003,1005,ABC001,ND
S8907367001003,1006,ABC001,ND
S8907367001003,1007,ABC001,ND
S8907367001003,1010,ABC001,ND
S8907367001003,1011,ABC001,ND
S8907367001003,1012,ABC001,ND
S8907367001003,1301,ABC001,ND
S8907367001003,1302,ABC001,ND
S8907367001003,1303,ABC001,ND
S8907367001003,1920,ABC001,ND
S8907367001003,1921,ABC001,ND
S8907367001003,1922,ABC001,ND
S8907367001003,AP05,ABC001,ND
S8907367001003,AS05,ABC001,ND
S8907367001003,BH05,ABC001,ND
S8907367001003,CH07,ABC001,ND
S8907367001003,DL05,ABC001,ND
S8907367001003,DL07,ABC001,ND
S8907367001003,GJ05,ABC001,ND
S8907367001003,HR00,ABC001,ND
S8907367001003,HR05,ABC001,ND
S8907367001003,HR07,ABC001,ND
S8907367001003,JH05,ABC001,ND
S8907367001003,KA05,ABC001,ND
S8907367001003,KA07,ABC001,ND
S8907367001003,KR05,ABC001,ND
S8907367001003,KR07,ABC001,ND
S8907367001003,MH05,ABC001,ND
S8907367001003,MH07,ABC001,ND
S8907367001003,MP07,ABC001,ND
S8907367001003,PB05,ABC001,ND
S8907367001003,PB07,ABC001,ND
S8907367001003,RJ07,ABC001,ND
S8907367001003,TL05,ABC001,ND
S8907367001003,TL07,ABC001,ND
S8907367001003,TM05,ABC001,ND
S8907367001003,TM07,ABC001,ND
S8907367001003,UP05,ABC001,ND
S8907367001003,UP07,ABC001,ND
S8907367001003,WB05,ABC001,ND
S8907367001003,WB07,ABC001,ND
S8907367001836,1001,ABC001,ND
S8907367001836,1002,ABC001,ND
S8907367001836,1003,ABC001,ND
S8907367001836,1005,ABC001,ND
S8907367001836,1006,ABC001,ND
S8907367001836,1007,ABC001,ND
S8907367001836,1010,ABC001,ND
S8907367001836,1011,ABC001,ND
S8907367001836,1012,ABC001,ND
S8907367001836,1301,ABC001,ND
S8907367001836,1302,ABC001,ND
S8907367001836,1303,ABC001,ND
S8907367001836,1920,ABC001,ND
S8907367001836,1921,ABC001,ND
S8907367001836,1922,ABC001,ND
S8907367001836,AP05,ABC001,ND
S8907367001836,AS05,ABC001,ND
S8907367001836,BH05,ABC001,ND
S8907367001836,CH07,ABC001,ND
S8907367001836,DL05,ABC001,ND
S8907367001836,DL07,ABC001,ND
S8907367001836,GJ05,ABC001,ND
S8907367001836,HR00,ABC001,ND
S8907367001836,HR05,ABC001,ND
S8907367001836,HR07,ABC001,ND
S8907367001836,JH05,ABC001,ND
S8907367001836,KA05,ABC001,ND
S8907367001836,KA07,ABC001,ND
S8907367001836,KR05,ABC001,ND
S8907367001836,KR07,ABC001,ND
S8907367001836,MH05,ABC001,ND
S8907367001836,MH07,ABC001,ND
S8907367001836,MP07,ABC001,ND
S8907367001836,PB05,ABC001,ND
S8907367001836,PB07,ABC001,ND
S8907367001836,RJ07,ABC001,ND
S8907367001836,TL05,ABC001,ND
S8907367001836,TL07,ABC001,ND
S8907367001836,TM05,ABC001,ND
S8907367001836,TM07,ABC001,ND
S8907367001836,UP05,ABC001,ND
S8907367001836,UP07,ABC001,ND
S8907367001836,WB05,ABC001,ND
S8907367001836,WB07,ABC001,ND
S8907367001843,1001,ABC001,ND
S8907367001843,1002,ABC001,ND
S8907367001843,1003,ABC001,ND
S8907367001843,1005,ABC001,ND
S8907367001843,1006,ABC001,ND
S8907367001843,1007,ABC001,ND
S8907367001843,1010,ABC001,ND
S8907367001843,1011,ABC001,ND
S8907367001843,1012,ABC001,ND
S8907367001843,1301,ABC001,ND
S8907367001843,1302,ABC001,ND
S8907367001843,1303,ABC001,ND
S8907367001843,1920,ABC001,ND
S8907367001843,1921,ABC001,ND
S8907367001843,1922,ABC001,ND
S8907367001843,AP05,ABC001,ND
S8907367001843,AS05,ABC001,ND
S8907367001843,BH05,ABC001,ND
S8907367001843,CH07,ABC001,ND
S8907367001843,DL05,ABC001,ND
S8907367001843,DL07,ABC001,ND
S8907367001843,GJ05,ABC001,ND
S8907367001843,HR00,ABC001,ND
S8907367001843,HR05,ABC001,ND
S8907367001843,HR07,ABC001,ND
S8907367001843,JH05,ABC001,ND
S8907367001843,KA05,ABC001,ND
S8907367001843,KA07,ABC001,ND
S8907367001843,KR05,ABC001,ND
S8907367001843,KR07,ABC001,ND
S8907367001843,MH05,ABC001,ND
S8907367001843,MH07,ABC001,ND
S8907367001843,MP07,ABC001,ND
S8907367001843,PB05,ABC001,ND
S8907367001843,PB07,ABC001,ND
S8907367001843,RJ07,ABC001,ND
S8907367001843,TL05,ABC001,ND
S8907367001843,TL07,ABC001,ND
S8907367001843,TM05,ABC001,ND
S8907367001843,TM07,ABC001,ND
S8907367001843,UP05,ABC001,ND
S8907367001843,UP07,ABC001,ND
S8907367001843,WB05,ABC001,ND
S8907367001843,WB07,ABC001,ND
S8907367001850,1001,ABC001,ND
S8907367001850,1002,ABC001,ND
S8907367001850,1003,ABC001,ND
S8907367001850,1005,ABC001,ND
S8907367001850,1006,ABC001,ND
S8907367001850,1007,ABC001,ND
S8907367001850,1010,ABC001,ND
S8907367001850,1011,ABC001,ND
S8907367001850,1012,ABC001,ND
S8907367001850,1301,ABC001,ND
S8907367001850,1302,ABC001,ND
S8907367001850,1303,ABC001,ND
S8907367001850,1920,ABC001,ND
S8907367001850,1921,ABC001,ND
S8907367001850,1922,ABC001,ND
S8907367001850,AP05,ABC001,ND
S8907367001850,AS05,ABC001,ND
S8907367001850,BH05,ABC001,ND
S8907367001850,CH07,ABC001,ND
S8907367001850,DL05,ABC001,ND
S8907367001850,DL07,ABC001,ND
S8907367001850,GJ05,ABC001,ND
S8907367001850,HR00,ABC001,ND
S8907367001850,HR05,ABC001,ND
S8907367001850,HR07,ABC001,ND
S8907367001850,JH05,ABC001,ND
S8907367001850,KA05,ABC001,ND
S8907367001850,KA07,ABC001,ND
S8907367001850,KR05,ABC001,ND
S8907367001850,KR07,ABC001,ND
S8907367001850,MH05,ABC001,ND
S8907367001850,MH07,ABC001,ND
S8907367001850,MP07,ABC001,ND
S8907367001850,PB05,ABC001,ND
S8907367001850,PB07,ABC001,ND
S8907367001850,RJ07,ABC001,ND
S8907367001850,TL05,ABC001,ND
S8907367001850,TL07,ABC001,ND
S8907367001850,TM05,ABC001,ND
S8907367001850,TM07,ABC001,ND
S8907367001850,UP05,ABC001,ND
S8907367001850,UP07,ABC001,ND
S8907367001850,WB05,ABC001,ND
S8907367001850,WB07,ABC001,ND
S8907367001867,1001,ABC001,ND
S8907367001867,1002,ABC001,ND
S8907367001867,1003,ABC001,ND
S8907367001867,1005,ABC001,ND
S8907367001867,1006,ABC001,ND
S8907367001867,1007,ABC001,ND
S8907367001867,1010,ABC001,ND
S8907367001867,1011,ABC001,ND
S8907367001867,1012,ABC001,ND
S8907367001867,1301,ABC001,ND
S8907367001867,1302,ABC001,ND
S8907367001867,1303,ABC001,ND
S8907367001867,1920,ABC001,ND
S8907367001867,1921,ABC001,ND
S8907367001867,1922,ABC001,ND
S8907367001867,AP05,ABC001,ND
S8907367001867,AS05,ABC001,ND
S8907367001867,BH05,ABC001,ND
S8907367001867,CH07,ABC001,ND
S8907367001867,DL05,ABC001,ND
S8907367001867,DL07,ABC001,ND
S8907367001867,GJ05,ABC001,ND
S8907367001867,HR00,ABC001,ND
S8907367001867,HR05,ABC001,ND
S8907367001867,HR07,ABC001,ND
S8907367001867,JH05,ABC001,ND
S8907367001867,KA05,ABC001,ND
S8907367001867,KA07,ABC001,ND
S8907367001867,KR05,ABC001,ND
S8907367001867,KR07,ABC001,ND
S8907367001867,MH05,ABC001,ND
S8907367001867,MH07,ABC001,ND
S8907367001867,MP07,ABC001,ND
S8907367001867,PB05,ABC001,ND
S8907367001867,PB07,ABC001,ND
S8907367001867,RJ07,ABC001,ND
S8907367001867,TL05,ABC001,ND
S8907367001867,TL07,ABC001,ND
S8907367001867,TM05,ABC001,ND
S8907367001867,TM07,ABC001,ND
S8907367001867,UP05,ABC001,ND
S8907367001867,UP07,ABC001,ND
S8907367001867,WB05,ABC001,ND
S8907367001867,WB07,ABC001,ND
S8907367001874,1001,ABC001,ND
S8907367001874,1002,ABC001,ND
S8907367001874,1003,ABC001,ND
S8907367001874,1005,ABC001,ND
S8907367001874,1006,ABC001,ND
S8907367001874,1007,ABC001,ND
S8907367001874,1010,ABC001,ND
S8907367001874,1011,ABC001,ND
S8907367001874,1012,ABC001,ND
S8907367001874,1301,ABC001,ND
S8907367001874,1302,ABC001,ND
S8907367001874,1303,ABC001,ND
S8907367001874,1920,ABC001,ND
S8907367001874,1921,ABC001,ND
S8907367001874,1922,ABC001,ND
S8907367001874,AP05,ABC001,ND
S8907367001874,AS05,ABC001,ND
S8907367001874,BH05,ABC001,ND
S8907367001874,CH07,ABC001,ND
S8907367001874,DL05,ABC001,ND
S8907367001874,DL07,ABC001,ND
S8907367001874,GJ05,ABC001,ND
S8907367001874,HR00,ABC001,ND
S8907367001874,HR05,ABC001,ND
S8907367001874,HR07,ABC001,ND
S8907367001874,JH05,ABC001,ND
S8907367001874,KA05,ABC001,ND
S8907367001874,KA07,ABC001,ND
S8907367001874,KR05,ABC001,ND
S8907367001874,KR07,ABC001,ND
S8907367001874,MH05,ABC001,ND
S8907367001874,MH07,ABC001,ND
S8907367001874,MP07,ABC001,ND
S8907367001874,PB05,ABC001,ND
S8907367001874,PB07,ABC001,ND
S8907367001874,RJ07,ABC001,ND
S8907367001874,TL05,ABC001,ND
S8907367001874,TL07,ABC001,ND
S8907367001874,TM05,ABC001,ND
S8907367001874,TM07,ABC001,ND
S8907367001874,UP05,ABC001,ND
S8907367001874,UP07,ABC001,ND
S8907367001874,WB05,ABC001,ND
S8907367001874,WB07,ABC001,ND
S8907367002512,1001,ABC001,ND
S8907367002512,1002,ABC001,ND
S8907367002512,1003,ABC001,ND
S8907367002512,1005,ABC001,ND
S8907367002512,1006,ABC001,ND
S8907367002512,1007,ABC001,ND
S8907367002512,1010,ABC001,ND
S8907367002512,1011,ABC001,ND
S8907367002512,1012,ABC001,ND
S8907367002512,1301,ABC001,ND
S8907367002512,1302,ABC001,ND
S8907367002512,1303,ABC001,ND
S8907367002512,1920,ABC001,ND
S8907367002512,1921,ABC001,ND
S8907367002512,1922,ABC001,ND
S8907367002512,AP05,ABC001,ND
S8907367002512,AS05,ABC001,ND
S8907367002512,BH05,ABC001,ND
S8907367002512,CH07,ABC001,ND
S8907367002512,DL05,ABC001,ND
S8907367002512,DL07,ABC001,ND
S8907367002512,GJ05,ABC001,ND
S8907367002512,HR00,ABC001,ND
S8907367002512,HR05,ABC001,ND
S8907367002512,HR07,ABC001,ND
S8907367002512,JH05,ABC001,ND
S8907367002512,KA05,ABC001,ND
S8907367002512,KA07,ABC001,ND
S8907367002512,KR05,ABC001,ND
S8907367002512,KR07,ABC001,ND
S8907367002512,MH05,ABC001,ND
S8907367002512,MH07,ABC001,ND
S8907367002512,MP07,ABC001,ND
S8907367002512,PB05,ABC001,ND
S8907367002512,PB07,ABC001,ND
S8907367002512,RJ07,ABC001,ND
S8907367002512,TL05,ABC001,ND
S8907367002512,TL07,ABC001,ND
S8907367002512,TM05,ABC001,ND
S8907367002512,TM07,ABC001,ND
S8907367002512,UP05,ABC001,ND
S8907367002512,UP07,ABC001,ND
S8907367002512,WB05,ABC001,ND
S8907367002512,WB07,ABC001,ND
S8907367002550,1001,ABC001,ND
S8907367002550,1002,ABC001,ND
S8907367002550,1003,ABC001,ND
S8907367002550,1005,ABC001,ND
S8907367002550,1006,ABC001,ND
S8907367002550,1007,ABC001,ND
S8907367002550,1010,ABC001,ND
S8907367002550,1011,ABC001,ND
S8907367002550,1012,ABC001,ND
S8907367002550,1301,ABC001,ND
S8907367002550,1302,ABC001,ND
S8907367002550,1303,ABC001,ND
S8907367002550,1920,ABC001,ND
S8907367002550,1921,ABC001,ND
S8907367002550,1922,ABC001,ND
S8907367002550,AP05,ABC001,ND
S8907367002550,AS05,ABC001,ND
S8907367002550,BH05,ABC001,ND
S8907367002550,CH07,ABC001,ND
S8907367002550,DL05,ABC001,ND
S8907367002550,DL07,ABC001,ND
S8907367002550,GJ05,ABC001,ND
S8907367002550,HR00,ABC001,ND
S8907367002550,HR05,ABC001,ND
S8907367002550,HR07,ABC001,ND
S8907367002550,JH05,ABC001,ND
S8907367002550,KA05,ABC001,ND
S8907367002550,KA07,ABC001,ND
S8907367002550,KR05,ABC001,ND
S8907367002550,KR07,ABC001,ND
S8907367002550,MH05,ABC001,ND
S8907367002550,MH07,ABC001,ND
S8907367002550,MP07,ABC001,ND
S8907367002550,PB05,ABC001,ND
S8907367002550,PB07,ABC001,ND
S8907367002550,RJ07,ABC001,ND
S8907367002550,TL05,ABC001,ND
S8907367002550,TL07,ABC001,ND
S8907367002550,TM05,ABC001,ND
S8907367002550,TM07,ABC001,ND
S8907367002550,UP05,ABC001,ND
S8907367002550,UP07,ABC001,ND
S8907367002550,WB05,ABC001,ND
S8907367002550,WB07,ABC001,ND
S8907367003311,1001,ABC001,ND
S8907367003311,1002,ABC001,ND
S8907367003311,1003,ABC001,ND
S8907367003311,1005,ABC001,ND
S8907367003311,1006,ABC001,ND
S8907367003311,1007,ABC001,ND
S8907367003311,1010,ABC001,ND
S8907367003311,1011,ABC001,ND
S8907367003311,1012,ABC001,ND
S8907367003311,1301,ABC001,ND
S8907367003311,1302,ABC001,ND
S8907367003311,1303,ABC001,ND
S8907367003311,1920,ABC001,ND
S8907367003311,1921,ABC001,ND
S8907367003311,1922,ABC001,ND
S8907367003311,AP05,ABC001,ND
S8907367003311,AS05,ABC001,ND
S8907367003311,BH05,ABC001,ND
S8907367003311,CH07,ABC001,ND
S8907367003311,DL05,ABC001,ND
S8907367003311,DL07,ABC001,ND
S8907367003311,GJ05,ABC001,ND
S8907367003311,HR00,ABC001,ND
S8907367003311,HR05,ABC001,ND
S8907367003311,HR07,ABC001,ND
S8907367003311,JH05,ABC001,ND
S8907367003311,KA05,ABC001,ND
S8907367003311,KA07,ABC001,ND
S8907367003311,KR05,ABC001,ND
S8907367003311,KR07,ABC001,ND
S8907367003311,MH05,ABC001,ND
S8907367003311,MH07,ABC001,ND
S8907367003311,MP07,ABC001,ND
S8907367003311,PB05,ABC001,ND
S8907367003311,PB07,ABC001,ND
S8907367003311,RJ07,ABC001,ND
S8907367003311,TL05,ABC001,ND
S8907367003311,TL07,ABC001,ND
S8907367003311,TM05,ABC001,ND
S8907367003311,TM07,ABC001,ND
S8907367003311,UP05,ABC001,ND
S8907367003311,UP07,ABC001,ND
S8907367003311,WB05,ABC001,ND
S8907367003311,WB07,ABC001,ND
S8907367003380,1001,ABC001,ND
S8907367003380,1002,ABC001,ND
S8907367003380,1003,ABC001,ND
S8907367003380,1005,ABC001,ND
S8907367003380,1006,ABC001,ND
S8907367003380,1007,ABC001,ND
S8907367003380,1010,ABC001,ND
S8907367003380,1011,ABC001,ND
S8907367003380,1012,ABC001,ND
S8907367003380,1301,ABC001,ND
S8907367003380,1302,ABC001,ND
S8907367003380,1303,ABC001,ND
S8907367003380,1920,ABC001,ND
S8907367003380,1921,ABC001,ND
S8907367003380,1922,ABC001,ND
S8907367003380,AP05,ABC001,ND
S8907367003380,AS05,ABC001,ND
S8907367003380,BH05,ABC001,ND
S8907367003380,CH07,ABC001,ND
S8907367003380,DL05,ABC001,ND
S8907367003380,DL07,ABC001,ND
S8907367003380,GJ05,ABC001,ND
S8907367003380,HR00,ABC001,ND
S8907367003380,HR05,ABC001,ND
S8907367003380,HR07,ABC001,ND
S8907367003380,JH05,ABC001,ND
S8907367003380,KA05,ABC001,ND
S8907367003380,KA07,ABC001,ND
S8907367003380,KR05,ABC001,ND
S8907367003380,KR07,ABC001,ND
S8907367003380,MH05,ABC001,ND
S8907367003380,MH07,ABC001,ND
S8907367003380,MP07,ABC001,ND
S8907367003380,PB05,ABC001,ND
S8907367003380,PB07,ABC001,ND
S8907367003380,RJ07,ABC001,ND
S8907367003380,TL05,ABC001,ND
S8907367003380,TL07,ABC001,ND
S8907367003380,TM05,ABC001,ND
S8907367003380,TM07,ABC001,ND
S8907367003380,UP05,ABC001,ND
S8907367003380,UP07,ABC001,ND
S8907367003380,WB05,ABC001,ND
S8907367003380,WB07,ABC001,ND
S8907367004448,1001,ABC001,ND
S8907367004448,1002,ABC001,ND
S8907367004448,1003,ABC001,ND
S8907367004448,1005,ABC001,ND
S8907367004448,1006,ABC001,ND
S8907367004448,1007,ABC001,ND
S8907367004448,1010,ABC001,ND
S8907367004448,1011,ABC001,ND
S8907367004448,1012,ABC001,ND
S8907367004448,1301,ABC001,ND
S8907367004448,1302,ABC001,ND
S8907367004448,1303,ABC001,ND
S8907367004448,1920,ABC001,ND
S8907367004448,1921,ABC001,ND
S8907367004448,1922,ABC001,ND
S8907367004448,AP05,ABC001,ND
S8907367004448,AS05,ABC001,ND
S8907367004448,BH05,ABC001,ND
S8907367004448,CH07,ABC001,ND
S8907367004448,DL05,ABC001,ND
S8907367004448,DL07,ABC001,ND
S8907367004448,GJ05,ABC001,ND
S8907367004448,HR00,ABC001,ND
S8907367004448,HR05,ABC001,ND
S8907367004448,HR07,ABC001,ND
S8907367004448,JH05,ABC001,ND
S8907367004448,KA05,ABC001,ND
S8907367004448,KA07,ABC001,ND
S8907367004448,KR05,ABC001,ND
S8907367004448,KR07,ABC001,ND
S8907367004448,MH05,ABC001,ND
S8907367004448,MH07,ABC001,ND
S8907367004448,MP07,ABC001,ND
S8907367004448,PB05,ABC001,ND
S8907367004448,PB07,ABC001,ND
S8907367004448,RJ07,ABC001,ND
S8907367004448,TL05,ABC001,ND
S8907367004448,TL07,ABC001,ND
S8907367004448,TM05,ABC001,ND
S8907367004448,TM07,ABC001,ND
S8907367004448,UP05,ABC001,ND
S8907367004448,UP07,ABC001,ND
S8907367004448,WB05,ABC001,ND
S8907367004448,WB07,ABC001,ND
S8907367008620,1001,ABC001,ND
S8907367008620,1002,ABC001,ND
S8907367008620,1003,ABC001,ND
S8907367008620,1005,ABC001,ND
S8907367008620,1006,ABC001,ND
S8907367008620,1007,ABC001,ND
S8907367008620,1010,ABC001,ND
S8907367008620,1011,ABC001,ND
S8907367008620,1012,ABC001,ND
S8907367008620,1301,ABC001,ND
S8907367008620,1302,ABC001,ND
S8907367008620,1303,ABC001,ND
S8907367008620,1920,ABC001,ND
S8907367008620,1921,ABC001,ND
S8907367008620,1922,ABC001,ND
S8907367008620,AP05,ABC001,ND
S8907367008620,AS05,ABC001,ND
S8907367008620,BH05,ABC001,ND
S8907367008620,CH07,ABC001,ND
S8907367008620,DL05,ABC001,ND
S8907367008620,DL07,ABC001,ND
S8907367008620,GJ05,ABC001,ND
S8907367008620,HR00,ABC001,ND
S8907367008620,HR05,ABC001,ND
S8907367008620,HR07,ABC001,ND
S8907367008620,JH05,ABC001,ND
S8907367008620,KA05,ABC001,ND
S8907367008620,KA07,ABC001,ND
S8907367008620,KR05,ABC001,ND
S8907367008620,KR07,ABC001,ND
S8907367008620,MH05,ABC001,ND
S8907367008620,MH07,ABC001,ND
S8907367008620,MP07,ABC001,ND
S8907367008620,PB05,ABC001,ND
S8907367008620,PB07,ABC001,ND
S8907367008620,RJ07,ABC001,ND
S8907367008620,TL05,ABC001,ND
S8907367008620,TL07,ABC001,ND
S8907367008620,TM05,ABC001,ND
S8907367008620,TM07,ABC001,ND
S8907367008620,UP05,ABC001,ND
S8907367008620,UP07,ABC001,ND
S8907367008620,WB05,ABC001,ND
S8907367008620,WB07,ABC001,ND
S8907367010814,1001,ABC001,ND
S8907367010814,1002,ABC001,ND
S8907367010814,1003,ABC001,ND
S8907367010814,1005,ABC001,ND
S8907367010814,1006,ABC001,ND
S8907367010814,1007,ABC001,ND
S8907367010814,1010,ABC001,ND
S8907367010814,1011,ABC001,ND
S8907367010814,1012,ABC001,ND
S8907367010814,1301,ABC001,ND
S8907367010814,1302,ABC001,ND
S8907367010814,1303,ABC001,ND
S8907367010814,1920,ABC001,ND
S8907367010814,1921,ABC001,ND
S8907367010814,1922,ABC001,ND
S8907367010814,AP05,ABC001,ND
S8907367010814,AS05,ABC001,ND
S8907367010814,BH05,ABC001,ND
S8907367010814,CH07,ABC001,ND
S8907367010814,DL05,ABC001,ND
S8907367010814,DL07,ABC001,ND
S8907367010814,GJ05,ABC001,ND
S8907367010814,HR00,ABC001,ND
S8907367010814,HR05,ABC001,ND
S8907367010814,HR07,ABC001,ND
S8907367010814,JH05,ABC001,ND
S8907367010814,KA05,ABC001,ND
S8907367010814,KA07,ABC001,ND
S8907367010814,KR05,ABC001,ND
S8907367010814,KR07,ABC001,ND
S8907367010814,MH05,ABC001,ND
S8907367010814,MH07,ABC001,ND
B8907367022787,1001,ABC001,ND
B8907367022787,1002,ABC001,ND
B8907367022787,1003,ABC001,ND
B8907367022787,1005,ABC001,ND
B8907367022787,1006,ABC001,ND
B8907367022787,1007,ABC001,ND
B8907367022787,1010,ABC001,ND
B8907367022787,1011,ABC001,ND
B8907367022787,1012,ABC001,ND
B8907367022787,1301,ABC001,ND
B8907367022787,1302,ABC001,ND
B8907367022787,1303,ABC001,ND
B8907367022787,1920,ABC001,ND
B8907367022787,1921,ABC001,ND
B8907367022787,1922,ABC001,ND
B8907367022787,AP05,ABC001,ND
B8907367022787,AS05,ABC001,ND
B8907367022787,BH05,ABC001,ND
B8907367022787,CH07,ABC001,ND
B8907367022787,DL05,ABC001,ND
B8907367022787,DL07,ABC001,ND
B8907367022787,GJ05,ABC001,ND
B8907367022787,HR00,ABC001,ND
B8907367022787,HR05,ABC001,ND
B8907367022787,HR07,ABC001,ND
B8907367022787,JH05,ABC001,ND
B8907367022787,KA05,ABC001,ND
B8907367022787,KA07,ABC001,ND
B8907367022787,KR05,ABC001,ND
B8907367022787,KR07,ABC001,ND
B8907367022787,MH05,ABC001,ND
B8907367022787,MH07,ABC001,ND
B8907367022787,MP07,ABC001,ND
B8907367022787,PB05,ABC001,ND
B8907367022787,PB07,ABC001,ND
B8907367022787,RJ07,ABC001,ND
B8907367022787,TL05,ABC001,ND
B8907367022787,TL07,ABC001,ND
B8907367022787,TM05,ABC001,ND
B8907367022787,TM07,ABC001,ND
B8907367022787,UP05,ABC001,ND
B8907367022787,UP07,ABC001,ND
B8907367022787,WB05,ABC001,ND
B8907367022787,WB07,ABC001,ND
B8907367024125,1001,ABC001,ND
B8907367024125,1002,ABC001,ND
B8907367024125,1003,ABC001,ND
B8907367024125,1005,ABC001,ND
B8907367024125,1006,ABC001,ND
B8907367024125,1007,ABC001,ND
B8907367024125,1010,ABC001,ND
B8907367024125,1011,ABC001,ND
B8907367024125,1012,ABC001,ND
B8907367024125,1301,ABC001,ND
B8907367024125,1302,ABC001,ND
B8907367024125,1303,ABC001,ND
B8907367024125,1920,ABC001,ND
B8907367024125,1921,ABC001,ND
B8907367024125,1922,ABC001,ND
B8907367024125,AP05,ABC001,ND
B8907367024125,AS05,ABC001,ND
B8907367024125,BH05,ABC001,ND
B8907367024125,CH07,ABC001,ND
B8907367024125,DL05,ABC001,ND
B8907367024125,DL07,ABC001,ND
B8907367024125,GJ05,ABC001,ND
B8907367024125,HR00,ABC001,ND
B8907367024125,HR05,ABC001,ND
B8907367024125,HR07,ABC001,ND
B8907367024125,JH05,ABC001,ND
B8907367024125,KA05,ABC001,ND
B8907367024125,KA07,ABC001,ND
B8907367024125,KR05,ABC001,ND
B8907367024125,KR07,ABC001,ND
B8907367024125,MH05,ABC001,ND
B8907367024125,MH07,ABC001,ND
B8907367024125,MP07,ABC001,ND
B8907367024125,PB05,ABC001,ND
B8907367024125,PB07,ABC001,ND
B8907367024125,RJ07,ABC001,ND
B8907367024125,TL05,ABC001,ND
B8907367024125,TL07,ABC001,ND
B8907367024125,TM05,ABC001,ND
B8907367024125,TM07,ABC001,ND
B8907367024125,UP05,ABC001,ND
B8907367024125,UP07,ABC001,ND
B8907367024125,WB05,ABC001,ND
B8907367024125,WB07,ABC001,ND
B8907367028406,1001,ABC001,ND
B8907367028406,1002,ABC001,ND
B8907367028406,1003,ABC001,ND
B8907367028406,1005,ABC001,ND
B8907367028406,1006,ABC001,ND
B8907367028406,1007,ABC001,ND
B8907367028406,1010,ABC001,ND
B8907367028406,1011,ABC001,ND
B8907367028406,1012,ABC001,ND
B8907367028406,1301,ABC001,ND
B8907367028406,1302,ABC001,ND
B8907367028406,1303,ABC001,ND
B8907367028406,1920,ABC001,ND
B8907367028406,1921,ABC001,ND
B8907367028406,1922,ABC001,ND
B8907367028406,AP05,ABC001,ND
B8907367028406,AS05,ABC001,ND
B8907367028406,BH05,ABC001,ND
B8907367028406,CH07,ABC001,ND
B8907367028406,DL05,ABC001,ND
B8907367028406,DL07,ABC001,ND
B8907367028406,GJ05,ABC001,ND
B8907367028406,HR00,ABC001,ND
B8907367028406,HR05,ABC001,ND
B8907367028406,HR07,ABC001,ND
B8907367028406,JH05,ABC001,ND
B8907367028406,KA05,ABC001,ND
B8907367028406,KA07,ABC001,ND
B8907367028406,KR05,ABC001,ND
B8907367028406,KR07,ABC001,ND
B8907367028406,MH05,ABC001,ND
B8907367028406,MH07,ABC001,ND
B8907367028406,MP07,ABC001,ND
B8907367028406,PB05,ABC001,ND
B8907367028406,PB07,ABC001,ND
B8907367028406,RJ07,ABC001,ND
B8907367028406,TL05,ABC001,ND
B8907367028406,TL07,ABC001,ND
B8907367028406,TM05,ABC001,ND
B8907367028406,TM07,ABC001,ND
B8907367028406,UP05,ABC001,ND
B8907367028406,UP07,ABC001,ND
B8907367028406,WB05,ABC001,ND
B8907367028406,WB07,ABC001,ND
B8907367039570,1001,ABC001,ND
B8907367039570,1002,ABC001,ND
B8907367039570,1003,ABC001,ND
B8907367039570,1005,ABC001,ND
B8907367039570,1006,ABC001,ND
B8907367039570,1007,ABC001,ND
B8907367039570,1010,ABC001,ND
B8907367039570,1011,ABC001,ND
B8907367039570,1012,ABC001,ND
B8907367039570,1301,ABC001,ND
B8907367039570,1302,ABC001,ND
B8907367039570,1303,ABC001,ND
B8907367039570,1920,ABC001,ND
B8907367039570,1921,ABC001,ND
B8907367039570,1922,ABC001,ND
B8907367039570,AP05,ABC001,ND
B8907367039570,AS05,ABC001,ND
B8907367039570,BH05,ABC001,ND
B8907367039570,CH07,ABC001,ND
B8907367039570,DL05,ABC001,ND
B8907367039570,DL07,ABC001,ND
B8907367039570,GJ05,ABC001,ND
B8907367039570,HR00,ABC001,ND
B8907367039570,HR05,ABC001,ND
B8907367039570,HR07,ABC001,ND
B8907367039570,JH05,ABC001,ND
B8907367039570,KA05,ABC001,ND
B8907367039570,KA07,ABC001,ND
B8907367039570,KR05,ABC001,ND
B8907367039570,KR07,ABC001,ND
B8907367039570,MH05,ABC001,ND
B8907367039570,MH07,ABC001,ND
B8907367039570,MP07,ABC001,ND
B8907367039570,PB05,ABC001,ND
B8907367039570,PB07,ABC001,ND
B8907367039570,RJ07,ABC001,ND
B8907367039570,TL05,ABC001,ND
B8907367039570,TL07,ABC001,ND
B8907367039570,TM05,ABC001,ND
B8907367039570,TM07,ABC001,ND
B8907367039570,UP05,ABC001,ND
B8907367039570,UP07,ABC001,ND
B8907367039570,WB05,ABC001,ND
B8907367039570,WB07,ABC001,ND
B8907367041603,1001,ABC001,ND
B8907367041603,1002,ABC001,ND
B8907367041603,1003,ABC001,ND
B8907367041603,1005,ABC001,ND
B8907367041603,1006,ABC001,ND
B8907367041603,1007,ABC001,ND
B8907367041603,1010,ABC001,ND
B8907367041603,1011,ABC001,ND
B8907367041603,1012,ABC001,ND
B8907367041603,1301,ABC001,ND
B8907367041603,1302,ABC001,ND
B8907367041603,1303,ABC001,ND
B8907367041603,1920,ABC001,ND
B8907367041603,1921,ABC001,ND
B8907367041603,1922,ABC001,ND
B8907367041603,AP05,ABC001,ND
B8907367041603,AS05,ABC001,ND
B8907367041603,BH05,ABC001,ND
B8907367041603,CH07,ABC001,ND
B8907367041603,DL05,ABC001,ND
B8907367041603,DL07,ABC001,ND
B8907367041603,GJ05,ABC001,ND
B8907367041603,HR00,ABC001,ND
B8907367041603,HR05,ABC001,ND
B8907367041603,HR07,ABC001,ND
B8907367041603,JH05,ABC001,ND
B8907367041603,KA05,ABC001,ND
B8907367041603,KA07,ABC001,ND
B8907367041603,KR05,ABC001,ND
B8907367041603,KR07,ABC001,ND
B8907367041603,MH05,ABC001,ND
B8907367041603,MH07,ABC001,ND
B8907367041603,MP07,ABC001,ND
B8907367041603,PB05,ABC001,ND
B8907367041603,PB07,ABC001,ND
B8907367041603,RJ07,ABC001,ND
B8907367041603,TL05,ABC001,ND
B8907367041603,TL07,ABC001,ND
B8907367041603,TM05,ABC001,ND
B8907367041603,TM07,ABC001,ND
B8907367041603,UP05,ABC001,ND
B8907367041603,UP07,ABC001,ND
B8907367041603,WB05,ABC001,ND
B8907367041603,WB07,ABC001,ND
S8907367002499,1001,ABC001,ND
S8907367002499,1002,ABC001,ND
S8907367002499,1003,ABC001,ND
S8907367002499,1005,ABC001,ND
S8907367002499,1006,ABC001,ND
S8907367002499,1007,ABC001,ND
S8907367002499,1010,ABC001,ND
S8907367002499,1011,ABC001,ND
S8907367002499,1012,ABC001,ND
S8907367002499,1301,ABC001,ND
S8907367002499,1302,ABC001,ND
S8907367002499,1303,ABC001,ND
S8907367002499,1920,ABC001,ND
S8907367002499,1921,ABC001,ND
S8907367002499,1922,ABC001,ND
S8907367002499,AP05,ABC001,ND
S8907367002499,AS05,ABC001,ND
S8907367002499,BH05,ABC001,ND
S8907367002499,CH07,ABC001,ND
S8907367002499,DL05,ABC001,ND
S8907367002499,DL07,ABC001,ND
S8907367002499,GJ05,ABC001,ND
S8907367002499,HR00,ABC001,ND
S8907367002499,HR05,ABC001,ND
S8907367002499,HR07,ABC001,ND
S8907367002499,JH05,ABC001,ND
S8907367002499,KA05,ABC001,ND
S8907367002499,KA07,ABC001,ND
S8907367002499,KR05,ABC001,ND
S8907367002499,KR07,ABC001,ND
S8907367002499,MH05,ABC001,ND
S8907367002499,MH07,ABC001,ND
S8907367002499,MP07,ABC001,ND
S8907367002499,PB05,ABC001,ND
S8907367002499,PB07,ABC001,ND
S8907367002499,RJ07,ABC001,ND
S8907367002499,TL05,ABC001,ND
S8907367002499,TL07,ABC001,ND
S8907367002499,TM05,ABC001,ND
S8907367002499,TM07,ABC001,ND
S8907367002499,UP05,ABC001,ND
S8907367002499,UP07,ABC001,ND
S8907367002499,WB05,ABC001,ND
S8907367002499,WB07,ABC001,ND
S8907367003342,1001,ABC001,ND
S8907367003342,1002,ABC001,ND
S8907367003342,1003,ABC001,ND
S8907367003342,1005,ABC001,ND
S8907367003342,1006,ABC001,ND
S8907367003342,1007,ABC001,ND
S8907367003342,1010,ABC001,ND
S8907367003342,1011,ABC001,ND
S8907367003342,1012,ABC001,ND
S8907367003342,1301,ABC001,ND
S8907367003342,1302,ABC001,ND
S8907367003342,1303,ABC001,ND
S8907367003342,1920,ABC001,ND
S8907367003342,1921,ABC001,ND
S8907367003342,1922,ABC001,ND
S8907367003342,AP05,ABC001,ND
S8907367003342,AS05,ABC001,ND
S8907367003342,BH05,ABC001,ND
S8907367003342,CH07,ABC001,ND
S8907367003342,DL05,ABC001,ND
S8907367003342,DL07,ABC001,ND
S8907367003342,GJ05,ABC001,ND
S8907367003342,HR00,ABC001,ND
S8907367003342,HR05,ABC001,ND
S8907367003342,HR07,ABC001,ND
S8907367003342,JH05,ABC001,ND
S8907367003342,KA05,ABC001,ND
S8907367003342,KA07,ABC001,ND
S8907367003342,KR05,ABC001,ND
S8907367003342,KR07,ABC001,ND
S8907367003342,MH05,ABC001,ND
S8907367003342,MH07,ABC001,ND
S8907367003342,MP07,ABC001,ND
S8907367003342,PB05,ABC001,ND
S8907367003342,PB07,ABC001,ND
S8907367003342,RJ07,ABC001,ND
S8907367003342,TL05,ABC001,ND
S8907367003342,TL07,ABC001,ND
S8907367003342,TM05,ABC001,ND
S8907367003342,TM07,ABC001,ND
S8907367003342,UP05,ABC001,ND
S8907367003342,UP07,ABC001,ND
S8907367003342,WB05,ABC001,ND
S8907367003342,WB07,ABC001,ND
S8907367015277,1001,ABC001,ND
S8907367015277,1002,ABC001,ND
S8907367015277,1003,ABC001,ND
S8907367015277,1005,ABC001,ND
S8907367015277,1006,ABC001,ND
S8907367015277,1007,ABC001,ND
S8907367015277,1010,ABC001,ND
S8907367015277,1011,ABC001,ND
S8907367015277,1012,ABC001,ND
S8907367015277,1301,ABC001,ND
S8907367015277,1302,ABC001,ND
S8907367015277,1303,ABC001,ND
S8907367015277,1920,ABC001,ND
S8907367015277,1921,ABC001,ND
S8907367015277,1922,ABC001,ND
S8907367015277,AP05,ABC001,ND
S8907367015277,AS05,ABC001,ND
S8907367015277,BH05,ABC001,ND
S8907367015277,CH07,ABC001,ND
S8907367015277,DL05,ABC001,ND
S8907367015277,DL07,ABC001,ND
S8907367015277,GJ05,ABC001,ND
S8907367015277,HR00,ABC001,ND
S8907367015277,HR05,ABC001,ND
S8907367015277,HR07,ABC001,ND
S8907367015277,JH05,ABC001,ND
S8907367015277,KA05,ABC001,ND
S8907367015277,KA07,ABC001,ND
S8907367015277,KR05,ABC001,ND
S8907367015277,KR07,ABC001,ND
S8907367015277,MH05,ABC001,ND
S8907367015277,MH07,ABC001,ND
S8907367015277,MP07,ABC001,ND
S8907367015277,PB05,ABC001,ND
S8907367015277,PB07,ABC001,ND
S8907367015277,RJ07,ABC001,ND
S8907367015277,TL05,ABC001,ND
S8907367015277,TL07,ABC001,ND
S8907367015277,TM05,ABC001,ND
S8907367015277,TM07,ABC001,ND
S8907367015277,UP05,ABC001,ND
S8907367015277,UP07,ABC001,ND
S8907367015277,WB05,ABC001,ND
S8907367015277,WB07,ABC001,ND
S8907367020042,1001,ABC001,ND
S8907367020042,1002,ABC001,ND
S8907367020042,1003,ABC001,ND
S8907367020042,1005,ABC001,ND
S8907367020042,1006,ABC001,ND
S8907367020042,1007,ABC001,ND
S8907367020042,1010,ABC001,ND
S8907367020042,1011,ABC001,ND
S8907367020042,1012,ABC001,ND
S8907367020042,1301,ABC001,ND
S8907367020042,1302,ABC001,ND
S8907367020042,1303,ABC001,ND
S8907367020042,1920,ABC001,ND
S8907367020042,1921,ABC001,ND
S8907367020042,1922,ABC001,ND
S8907367020042,AP05,ABC001,ND
S8907367020042,AS05,ABC001,ND
S8907367020042,BH05,ABC001,ND
S8907367020042,CH07,ABC001,ND
S8907367020042,DL05,ABC001,ND
S8907367020042,DL07,ABC001,ND
S8907367020042,GJ05,ABC001,ND
S8907367020042,HR00,ABC001,ND
S8907367020042,HR05,ABC001,ND
S8907367020042,HR07,ABC001,ND
S8907367020042,JH05,ABC001,ND
S8907367020042,KA05,ABC001,ND
S8907367020042,KA07,ABC001,ND
S8907367020042,KR05,ABC001,ND
S8907367020042,KR07,ABC001,ND
S8907367020042,MH05,ABC001,ND
S8907367020042,MH07,ABC001,ND
S8907367020042,MP07,ABC001,ND
S8907367020042,PB05,ABC001,ND
S8907367020042,PB07,ABC001,ND
S8907367020042,RJ07,ABC001,ND
S8907367020042,TL05,ABC001,ND
S8907367020042,TL07,ABC001,ND
S8907367020042,TM05,ABC001,ND
S8907367020042,TM07,ABC001,ND
S8907367020042,UP05,ABC001,ND
S8907367020042,UP07,ABC001,ND
S8907367020042,WB05,ABC001,ND
S8907367020042,WB07,ABC001,ND
S8907367020783,1001,ABC001,ND
S8907367020783,1002,ABC001,ND
S8907367020783,1003,ABC001,ND
S8907367020783,1005,ABC001,ND
S8907367020783,1006,ABC001,ND
S8907367020783,1007,ABC001,ND
S8907367020783,1010,ABC001,ND
S8907367020783,1011,ABC001,ND
S8907367020783,1012,ABC001,ND
S8907367020783,1301,ABC001,ND
S8907367020783,1302,ABC001,ND
S8907367020783,1303,ABC001,ND
S8907367020783,1920,ABC001,ND
S8907367020783,1921,ABC001,ND
S8907367020783,1922,ABC001,ND
S8907367020783,AP05,ABC001,ND
S8907367020783,AS05,ABC001,ND
S8907367020783,BH05,ABC001,ND
S8907367020783,CH07,ABC001,ND
S8907367020783,DL05,ABC001,ND
S8907367020783,DL07,ABC001,ND
S8907367020783,GJ05,ABC001,ND
S8907367020783,HR00,ABC001,ND
S8907367020783,HR05,ABC001,ND
S8907367020783,HR07,ABC001,ND
S8907367020783,JH05,ABC001,ND
S8907367020783,KA05,ABC001,ND
S8907367020783,KA07,ABC001,ND
S8907367020783,KR05,ABC001,ND
S8907367020783,KR07,ABC001,ND
S8907367020783,MH05,ABC001,ND
S8907367020783,MH07,ABC001,ND
S8907367020783,MP07,ABC001,ND
S8907367020783,PB05,ABC001,ND
S8907367020783,PB07,ABC001,ND
S8907367020783,RJ07,ABC001,ND
S8907367020783,TL05,ABC001,ND
S8907367020783,TL07,ABC001,ND
S8907367020783,TM05,ABC001,ND
S8907367020783,TM07,ABC001,ND
S8907367020783,UP05,ABC001,ND
S8907367020783,UP07,ABC001,ND
S8907367020783,WB05,ABC001,ND
S8907367020783,WB07,ABC001,ND
S8907367020790,1001,ABC001,ND
S8907367020790,1002,ABC001,ND
S8907367020790,1003,ABC001,ND
S8907367020790,1005,ABC001,ND
S8907367020790,1006,ABC001,ND
S8907367020790,1007,ABC001,ND
S8907367020790,1010,ABC001,ND
S8907367020790,1011,ABC001,ND
S8907367020790,1012,ABC001,ND
S8907367020790,1301,ABC001,ND
S8907367020790,1302,ABC001,ND
S8907367020790,1303,ABC001,ND
S8907367020790,1920,ABC001,ND
S8907367020790,1921,ABC001,ND
S8907367020790,1922,ABC001,ND
S8907367020790,AP05,ABC001,ND
S8907367020790,AS05,ABC001,ND
S8907367020790,BH05,ABC001,ND
S8907367020790,CH07,ABC001,ND
S8907367020790,DL05,ABC001,ND
S8907367020790,DL07,ABC001,ND
S8907367020790,GJ05,ABC001,ND
S8907367020790,HR00,ABC001,ND
S8907367020790,HR05,ABC001,ND
S8907367020790,HR07,ABC001,ND
S8907367020790,JH05,ABC001,ND
S8907367020790,KA05,ABC001,ND
S8907367020790,KA07,ABC001,ND
S8907367020790,KR05,ABC001,ND
S8907367020790,KR07,ABC001,ND
S8907367020790,MH05,ABC001,ND
S8907367020790,MH07,ABC001,ND
S8907367020790,MP07,ABC001,ND
S8907367020790,PB05,ABC001,ND
S8907367020790,PB07,ABC001,ND
S8907367020790,RJ07,ABC001,ND
S8907367020790,TL05,ABC001,ND
S8907367020790,TL07,ABC001,ND
S8907367020790,TM05,ABC001,ND
S8907367020790,TM07,ABC001,ND
S8907367020790,UP05,ABC001,ND
S8907367020790,UP07,ABC001,ND
S8907367020790,WB05,ABC001,ND
S8907367020790,WB07,ABC001,ND
S8907367023128,1001,ABC001,ND
S8907367023128,1002,ABC001,ND
S8907367023128,1003,ABC001,ND
S8907367023128,1005,ABC001,ND
S8907367023128,1006,ABC001,ND
S8907367023128,1007,ABC001,ND
S8907367023128,1010,ABC001,ND
S8907367023128,1011,ABC001,ND
S8907367023128,1012,ABC001,ND
S8907367023128,1301,ABC001,ND
S8907367023128,1302,ABC001,ND
S8907367023128,1303,ABC001,ND
S8907367023128,1920,ABC001,ND
S8907367023128,1921,ABC001,ND
S8907367023128,1922,ABC001,ND
S8907367023128,AP05,ABC001,ND
S8907367023128,AS05,ABC001,ND
S8907367023128,BH05,ABC001,ND
S8907367023128,CH07,ABC001,ND
S8907367023128,DL05,ABC001,ND
S8907367023128,DL07,ABC001,ND
S8907367023128,GJ05,ABC001,ND
S8907367023128,HR00,ABC001,ND
S8907367023128,HR05,ABC001,ND
S8907367023128,HR07,ABC001,ND
S8907367023128,JH05,ABC001,ND
S8907367023128,KA05,ABC001,ND
S8907367023128,KA07,ABC001,ND
S8907367023128,KR05,ABC001,ND
S8907367023128,KR07,ABC001,ND
S8907367023128,MH05,ABC001,ND
S8907367023128,MH07,ABC001,ND
S8907367023128,MP07,ABC001,ND
S8907367023128,PB05,ABC001,ND
S8907367023128,PB07,ABC001,ND
S8907367023128,RJ07,ABC001,ND
S8907367023128,TL05,ABC001,ND
S8907367023128,TL07,ABC001,ND
S8907367023128,TM05,ABC001,ND
S8907367023128,TM07,ABC001,ND
S8907367023128,UP05,ABC001,ND
S8907367023128,UP07,ABC001,ND
S8907367023128,WB05,ABC001,ND
S8907367023128,WB07,ABC001,ND
S8907367023135,1001,ABC001,ND
S8907367023135,1002,ABC001,ND
S8907367023135,1003,ABC001,ND
S8907367023135,1005,ABC001,ND
S8907367023135,1006,ABC001,ND
S8907367023135,1007,ABC001,ND
S8907367023135,1010,ABC001,ND
S8907367023135,1011,ABC001,ND
S8907367023135,1012,ABC001,ND
S8907367023135,1301,ABC001,ND
S8907367023135,1302,ABC001,ND
S8907367023135,1303,ABC001,ND
S8907367023135,1920,ABC001,ND
S8907367023135,1921,ABC001,ND
S8907367023135,1922,ABC001,ND
S8907367023135,AP05,ABC001,ND
S8907367023135,AS05,ABC001,ND
S8907367023135,BH05,ABC001,ND
S8907367023135,CH07,ABC001,ND
S8907367023135,DL05,ABC001,ND
S8907367023135,DL07,ABC001,ND
S8907367023135,GJ05,ABC001,ND
S8907367023135,HR00,ABC001,ND
S8907367023135,HR05,ABC001,ND
S8907367023135,HR07,ABC001,ND
S8907367023135,JH05,ABC001,ND
S8907367023135,KA05,ABC001,ND
S8907367023135,KA07,ABC001,ND
S8907367023135,KR05,ABC001,ND
S8907367023135,KR07,ABC001,ND
S8907367023135,MH05,ABC001,ND
S8907367023135,MH07,ABC001,ND
S8907367023135,MP07,ABC001,ND
S8907367023135,PB05,ABC001,ND
S8907367023135,PB07,ABC001,ND
S8907367023135,RJ07,ABC001,ND
S8907367023135,TL05,ABC001,ND
S8907367023135,TL07,ABC001,ND
S8907367023135,TM05,ABC001,ND
S8907367023135,TM07,ABC001,ND
S8907367023135,UP05,ABC001,ND
S8907367023135,UP07,ABC001,ND
S8907367023135,WB05,ABC001,ND
S8907367023135,WB07,ABC001,ND
S8907367023142,1001,ABC001,ND
S8907367023142,1002,ABC001,ND
S8907367023142,1003,ABC001,ND
S8907367023142,1005,ABC001,ND
S8907367023142,1006,ABC001,ND
S8907367023142,1007,ABC001,ND
S8907367023142,1010,ABC001,ND
S8907367023142,1011,ABC001,ND
S8907367023142,1012,ABC001,ND
S8907367023142,1301,ABC001,ND
S8907367023142,1302,ABC001,ND
S8907367023142,1303,ABC001,ND
S8907367023142,1920,ABC001,ND
S8907367023142,1921,ABC001,ND
S8907367023142,1922,ABC001,ND
S8907367023142,AP05,ABC001,ND
S8907367023142,AS05,ABC001,ND
S8907367023142,BH05,ABC001,ND
S8907367023142,CH07,ABC001,ND
S8907367023142,DL05,ABC001,ND
S8907367023142,DL07,ABC001,ND
S8907367023142,GJ05,ABC001,ND
S8907367023142,HR00,ABC001,ND
S8907367023142,HR05,ABC001,ND
S8907367023142,HR07,ABC001,ND
S8907367023142,JH05,ABC001,ND
S8907367023142,KA05,ABC001,ND
S8907367023142,KA07,ABC001,ND
S8907367023142,KR05,ABC001,ND
S8907367023142,KR07,ABC001,ND
S8907367023142,MH05,ABC001,ND
S8907367023142,MH07,ABC001,ND
S8907367023142,MP07,ABC001,ND
S8907367023142,PB05,ABC001,ND
S8907367023142,PB07,ABC001,ND
S8907367023142,RJ07,ABC001,ND
S8907367023142,TL05,ABC001,ND
S8907367023142,TL07,ABC001,ND
S8907367023142,TM05,ABC001,ND
S8907367023142,TM07,ABC001,ND
S8907367023142,UP05,ABC001,ND
S8907367023142,UP07,ABC001,ND
S8907367023142,WB05,ABC001,ND
S8907367023142,WB07,ABC001,ND
S8907367023159,1001,ABC001,ND
S8907367023159,1002,ABC001,ND
S8907367023159,1003,ABC001,ND
S8907367023159,1005,ABC001,ND
S8907367023159,1006,ABC001,ND
S8907367023159,1007,ABC001,ND
S8907367023159,1010,ABC001,ND
S8907367023159,1011,ABC001,ND
S8907367023159,1012,ABC001,ND
S8907367023159,1301,ABC001,ND
S8907367023159,1302,ABC001,ND
S8907367023159,1303,ABC001,ND
S8907367023159,1920,ABC001,ND
S8907367023159,1921,ABC001,ND
S8907367023159,1922,ABC001,ND
S8907367023159,AP05,ABC001,ND
S8907367023159,AS05,ABC001,ND
S8907367023159,BH05,ABC001,ND
S8907367023159,CH07,ABC001,ND
S8907367023159,DL05,ABC001,ND
S8907367023159,DL07,ABC001,ND
S8907367023159,GJ05,ABC001,ND
S8907367023159,HR00,ABC001,ND
S8907367023159,HR05,ABC001,ND
S8907367023159,HR07,ABC001,ND
S8907367023159,JH05,ABC001,ND
S8907367023159,KA05,ABC001,ND
S8907367023159,KA07,ABC001,ND
S8907367023159,KR05,ABC001,ND
S8907367023159,KR07,ABC001,ND
S8907367023159,MH05,ABC001,ND
S8907367023159,MH07,ABC001,ND
S8907367023159,MP07,ABC001,ND
S8907367023159,PB05,ABC001,ND
S8907367023159,PB07,ABC001,ND
S8907367023159,RJ07,ABC001,ND
S8907367023159,TL05,ABC001,ND
S8907367023159,TL07,ABC001,ND
S8907367023159,TM05,ABC001,ND
S8907367023159,TM07,ABC001,ND
S8907367023159,UP05,ABC001,ND
S8907367023159,UP07,ABC001,ND
S8907367023159,WB05,ABC001,ND
S8907367023159,WB07,ABC001,ND
S8907367028659,1001,ABC001,ND
S8907367028659,1002,ABC001,ND
S8907367028659,1003,ABC001,ND
S8907367028659,1005,ABC001,ND
S8907367028659,1006,ABC001,ND
S8907367028659,1007,ABC001,ND
S8907367028659,1010,ABC001,ND
S8907367028659,1011,ABC001,ND
S8907367028659,1012,ABC001,ND
S8907367028659,1301,ABC001,ND
S8907367028659,1302,ABC001,ND
S8907367028659,1303,ABC001,ND
S8907367028659,1920,ABC001,ND
S8907367028659,1921,ABC001,ND
S8907367028659,1922,ABC001,ND
S8907367028659,AP05,ABC001,ND
S8907367028659,AS05,ABC001,ND
S8907367028659,BH05,ABC001,ND
S8907367028659,CH07,ABC001,ND
S8907367028659,DL05,ABC001,ND
S8907367028659,DL07,ABC001,ND
S8907367028659,GJ05,ABC001,ND
S8907367028659,HR00,ABC001,ND
S8907367028659,HR05,ABC001,ND
S8907367028659,HR07,ABC001,ND
S8907367028659,JH05,ABC001,ND
S8907367028659,KA05,ABC001,ND
S8907367028659,KA07,ABC001,ND
S8907367028659,KR05,ABC001,ND
S8907367028659,KR07,ABC001,ND
S8907367028659,MH05,ABC001,ND
S8907367028659,MH07,ABC001,ND
S8907367028659,MP07,ABC001,ND
S8907367028659,PB05,ABC001,ND
S8907367028659,PB07,ABC001,ND
S8907367028659,RJ07,ABC001,ND
S8907367028659,TL05,ABC001,ND
S8907367028659,TL07,ABC001,ND
S8907367028659,TM05,ABC001,ND
S8907367028659,TM07,ABC001,ND
S8907367028659,UP05,ABC001,ND
S8907367028659,UP07,ABC001,ND
S8907367028659,WB05,ABC001,ND
S8907367028659,WB07,ABC001,ND
S8907367031635,1001,ABC001,ND
S8907367031635,1002,ABC001,ND
S8907367031635,1003,ABC001,ND
S8907367031635,1005,ABC001,ND
S8907367031635,1006,ABC001,ND
S8907367031635,1007,ABC001,ND
S8907367031635,1010,ABC001,ND
S8907367031635,1011,ABC001,ND
S8907367031635,1012,ABC001,ND
S8907367031635,1301,ABC001,ND
S8907367031635,1302,ABC001,ND
S8907367031635,1303,ABC001,ND
S8907367031635,1920,ABC001,ND
S8907367031635,1921,ABC001,ND
S8907367031635,1922,ABC001,ND
S8907367031635,AP05,ABC001,ND
S8907367031635,AS05,ABC001,ND
S8907367031635,BH05,ABC001,ND
S8907367031635,CH07,ABC001,ND
S8907367031635,DL05,ABC001,ND
S8907367031635,DL07,ABC001,ND
S8907367031635,GJ05,ABC001,ND
S8907367031635,HR00,ABC001,ND
S8907367031635,HR05,ABC001,ND
S8907367031635,HR07,ABC001,ND
S8907367031635,JH05,ABC001,ND
S8907367031635,KA05,ABC001,ND
S8907367031635,KA07,ABC001,ND
S8907367031635,KR05,ABC001,ND
S8907367031635,KR07,ABC001,ND
S8907367031635,MH05,ABC001,ND
S8907367031635,MH07,ABC001,ND
S8907367031635,MP07,ABC001,ND
S8907367031635,PB05,ABC001,ND
S8907367031635,PB07,ABC001,ND
S8907367031635,RJ07,ABC001,ND
S8907367031635,TL05,ABC001,ND
S8907367031635,TL07,ABC001,ND
S8907367031635,TM05,ABC001,ND
S8907367031635,TM07,ABC001,ND
S8907367031635,UP05,ABC001,ND
S8907367031635,UP07,ABC001,ND
S8907367031635,WB05,ABC001,ND
S8907367031635,WB07,ABC001,ND
S8907367039303,1001,ABC001,ND
S8907367039303,1002,ABC001,ND
S8907367039303,1003,ABC001,ND
S8907367039303,1005,ABC001,ND
S8907367039303,1006,ABC001,ND
S8907367039303,1007,ABC001,ND
S8907367039303,1010,ABC001,ND
S8907367039303,1011,ABC001,ND
S8907367039303,1012,ABC001,ND
S8907367039303,1301,ABC001,ND
S8907367039303,1302,ABC001,ND
S8907367039303,1303,ABC001,ND
S8907367039303,1920,ABC001,ND
S8907367039303,1921,ABC001,ND
S8907367039303,1922,ABC001,ND
S8907367039303,AP05,ABC001,ND
S8907367039303,AS05,ABC001,ND
S8907367039303,BH05,ABC001,ND
S8907367039303,CH07,ABC001,ND
S8907367039303,DL05,ABC001,ND
S8907367039303,DL07,ABC001,ND
S8907367039303,GJ05,ABC001,ND
S8907367039303,HR00,ABC001,ND
S8907367039303,HR05,ABC001,ND
S8907367039303,HR07,ABC001,ND
S8907367039303,JH05,ABC001,ND
S8907367039303,KA05,ABC001,ND
S8907367039303,KA07,ABC001,ND
S8907367039303,KR05,ABC001,ND
S8907367039303,KR07,ABC001,ND
S8907367039303,MH05,ABC001,ND
S8907367039303,MH07,ABC001,ND
S8907367039303,MP07,ABC001,ND
S8907367039303,PB05,ABC001,ND
S8907367039303,PB07,ABC001,ND
S8907367039303,RJ07,ABC001,ND
S8907367039303,TL05,ABC001,ND
S8907367039303,TL07,ABC001,ND
S8907367039303,TM05,ABC001,ND
S8907367039303,TM07,ABC001,ND
S8907367039303,UP05,ABC001,ND
S8907367039303,UP07,ABC001,ND
S8907367039303,WB05,ABC001,ND
S8907367039303,WB07,ABC001,ND
S8907367759287,1001,TWC001,ND
S8907367759287,1002,TWC001,ND
S8907367759287,1003,TWC001,ND
S8907367759287,1005,TWC001,ND
S8907367759287,1006,TWC001,ND
S8907367759287,1007,TWC001,ND
S8907367759287,1010,TWC001,ND
S8907367759287,1011,ABC001,ND
S8907367759287,1012,ABC001,ND
S8907367759287,1301,TWC001,ND
S8907367759287,1302,TWC001,ND
S8907367759287,1303,TWC001,ND
S8907367759287,1920,TWC001,ND
S8907367759287,1921,TWC001,ND
S8907367759287,1922,TWC001,ND
S8907367759287,AP05,TWC001,ND
S8907367759287,AS05,TWC001,ND
S8907367759287,BH05,TWC001,ND
S8907367759287,CH07,TWC001,ND
S8907367759287,DL05,TWC001,ND
S8907367759287,DL07,TWC001,ND
S8907367759287,GJ05,TWC001,ND
S8907367759287,HR00,TWC001,ND
S8907367759287,HR05,TWC001,ND
S8907367759287,HR07,TWC001,ND
S8907367759287,JH05,TWC001,ND
S8907367759287,KA05,TWC001,ND
S8907367759287,KA07,TWC001,ND
S8907367759287,KR05,TWC001,ND
S8907367759287,KR07,TWC001,ND
S8907367759287,MH05,TWC001,ND
S8907367759287,MH07,TWC001,ND
S8907367759287,MP07,TWC001,ND
S8907367759287,PB05,TWC001,ND
S8907367759287,PB07,TWC001,ND
S8907367759287,RJ07,TWC001,ND
S8907367759287,TL05,TWC001,ND
S8907367759287,TL07,TWC001,ND
S8907367759287,TM05,TWC001,ND
S8907367759287,TM07,TWC001,ND
S8907367759287,UP05,TWC001,ND
S8907367759287,UP07,TWC001,ND
S8907367759287,WB05,TWC001,ND
S8907367759287,WB07,TWC001,ND
